Name,Date,Close/Last,Volume,Open,High,Low
IBM,9/20/24,$217.70 ,9958980,$214.33 ,$217.85 ,$213.74 
IBM,9/19/24,$213.89 ,5279559,$218.01 ,$218.48 ,$210.37 
IBM,9/18/24,$214.94 ,3482764,$214.13 ,$216.86 ,$213.59 
IBM,9/17/24,$214.13 ,5635210,$217.25 ,$218.84 ,$213.00 
IBM,9/16/24,$217.16 ,4176257,$215.88 ,$217.90 ,$215.52 
IBM,9/13/24,$214.79 ,4572344,$212.48 ,$216.09 ,$212.13 
IBM,9/12/24,$211.61 ,4616446,$210.00 ,$212.65 ,$208.27 
IBM,9/11/24,$209.89 ,5554309,$207.76 ,$210.12 ,$203.04 
IBM,9/10/24,$205.32 ,3070644,$204.20 ,$205.83 ,$202.87 
IBM,9/9/24,$203.53 ,3705004,$201.94 ,$205.05 ,$201.43 
IBM,9/6/24,$200.74 ,3304491,$202.38 ,$204.10 ,$199.34 
IBM,9/5/24,$202.59 ,3229345,$204.08 ,$205.95 ,$200.96 
IBM,9/4/24,$204.11 ,3142476,$200.76 ,$204.36 ,$200.50 
IBM,9/3/24,$201.28 ,3874697,$201.91 ,$204.72 ,$200.21 
IBM,8/30/24,$202.13 ,4750999,$199.11 ,$202.17 ,$198.73 
IBM,8/29/24,$198.90 ,2989594,$199.30 ,$201.12 ,$198.27 
IBM,8/28/24,$198.46 ,2645244,$199.00 ,$200.00 ,$197.49 
IBM,8/27/24,$198.73 ,2617229,$197.44 ,$199.40 ,$196.97 
IBM,8/26/24,$197.98 ,2567217,$196.00 ,$198.35 ,$195.90 
IBM,8/23/24,$196.10 ,2321961,$196.79 ,$197.38 ,$194.39 
IBM,8/22/24,$195.96 ,1969496,$197.25 ,$197.92 ,$195.57 
IBM,8/21/24,$197.21 ,2579343,$195.97 ,$197.33 ,$194.12 
IBM,8/20/24,$196.03 ,1790371,$194.59 ,$196.21 ,$193.75 
IBM,8/19/24,$194.73 ,2361378,$193.84 ,$195.53 ,$193.72 
IBM,8/16/24,$193.78 ,2494472,$193.58 ,$194.35 ,$192.86 
IBM,8/15/24,$193.95 ,2471985,$193.51 ,$194.25 ,$193.28 
IBM,8/14/24,$192.32 ,1895114,$191.15 ,$193.09 ,$190.73 
IBM,8/13/24,$190.99 ,2178862,$190.29 ,$191.31 ,$189.21 
IBM,8/12/24,$189.48 ,2290421,$191.25 ,$191.58 ,$189.00 
IBM,8/9/24,$191.45 ,2773706,$191.18 ,$192.63 ,$189.04 
IBM,8/8/24,$192.61 ,3712698,$187.50 ,$192.88 ,$187.00 
IBM,8/7/24,$186.80 ,3801942,$188.08 ,$189.87 ,$186.70 
IBM,8/6/24,$186.80 ,3632517,$184.70 ,$188.90 ,$183.64 
IBM,8/5/24,$183.31 ,4975002,$184.55 ,$185.26 ,$181.81 
IBM,8/2/24,$189.12 ,4548824,$188.78 ,$189.26 ,$185.70 
IBM,8/1/24,$189.66 ,4085354,$192.81 ,$193.64 ,$188.29 
IBM,7/31/24,$192.14 ,5558405,$191.00 ,$194.55 ,$189.99 
IBM,7/30/24,$191.04 ,3064978,$191.48 ,$192.77 ,$189.09 
IBM,7/29/24,$191.50 ,3336806,$193.18 ,$193.29 ,$189.18 
IBM,7/26/24,$191.75 ,4294875,$190.51 ,$193.57 ,$189.62 
IBM,7/25/24,$191.98 ,9532802,$186.80 ,$196.26 ,$185.30 
IBM,7/24/24,$184.02 ,6962071,$184.14 ,$185.07 ,$183.15 
IBM,7/23/24,$184.10 ,2180225,$184.36 ,$185.38 ,$183.01 
IBM,7/22/24,$184.15 ,2488525,$183.40 ,$184.97 ,$182.86 
IBM,7/19/24,$183.25 ,3816039,$186.33 ,$187.00 ,$181.95 
IBM,7/18/24,$185.22 ,3487808,$186.64 ,$189.47 ,$185.10 
IBM,7/17/24,$187.45 ,4225302,$185.44 ,$187.94 ,$185.07 
IBM,7/16/24,$185.81 ,3374526,$184.67 ,$186.60 ,$184.52 
IBM,7/15/24,$182.88 ,2925794,$183.38 ,$184.90 ,$182.60 
IBM,7/12/24,$182.83 ,4785565,$178.56 ,$184.16 ,$178.50 
IBM,7/11/24,$178.31 ,2807145,$177.65 ,$179.44 ,$176.62 
IBM,7/10/24,$177.84 ,3462182,$176.60 ,$178.22 ,$174.45 
IBM,7/9/24,$176.48 ,2513305,$177.60 ,$177.70 ,$175.58 
IBM,7/8/24,$177.64 ,2503038,$176.41 ,$178.59 ,$176.01 
IBM,7/5/24,$176.02 ,2085970,$175.74 ,$176.09 ,$173.95 
IBM,7/3/24,$175.73 ,1649049,$177.88 ,$177.98 ,$175.17 
IBM,7/2/24,$177.30 ,2883275,$174.84 ,$177.49 ,$174.32 
IBM,7/1/24,$175.10 ,3320961,$173.45 ,$176.46 ,$173.38 
IBM,6/28/24,$172.95 ,4193459,$170.85 ,$173.46 ,$170.53 
IBM,6/27/24,$170.85 ,2894001,$171.12 ,$172.50 ,$170.48 
IBM,6/26/24,$171.87 ,2779016,$171.28 ,$172.68 ,$170.41 
IBM,6/25/24,$172.60 ,4119267,$175.14 ,$175.75 ,$171.42 
IBM,6/24/24,$175.01 ,4864735,$175.00 ,$178.46 ,$174.15 
IBM,6/21/24,$172.46 ,10182030,$173.97 ,$174.96 ,$171.40 
IBM,6/20/24,$173.92 ,4723078,$174.08 ,$174.28 ,$171.22 
IBM,6/18/24,$170.55 ,3386442,$170.00 ,$170.75 ,$168.38 
IBM,6/17/24,$169.50 ,3239815,$168.76 ,$169.72 ,$167.50 
IBM,6/14/24,$169.21 ,2777717,$168.29 ,$169.47 ,$167.23 
IBM,6/13/24,$169.12 ,3525717,$169.01 ,$169.59 ,$168.34 
IBM,6/12/24,$169.00 ,3522698,$171.35 ,$172.47 ,$168.10 
IBM,6/11/24,$169.32 ,2951251,$169.98 ,$170.00 ,$166.81 
IBM,6/10/24,$170.38 ,3444684,$169.55 ,$170.76 ,$168.88 
IBM,6/7/24,$170.01 ,3475495,$168.18 ,$171.31 ,$168.06 
IBM,6/6/24,$168.20 ,2207263,$167.38 ,$168.44 ,$166.80 
IBM,6/5/24,$167.38 ,3049377,$166.41 ,$167.79 ,$165.78 
IBM,6/4/24,$165.81 ,2594203,$164.60 ,$166.40 ,$163.88 
IBM,6/3/24,$165.28 ,2776058,$166.54 ,$166.78 ,$163.53 
IBM,5/31/24,$166.85 ,4905002,$165.70 ,$166.97 ,$163.84 
IBM,5/30/24,$165.63 ,3852963,$165.56 ,$166.73 ,$164.23 
IBM,5/29/24,$167.05 ,4206576,$168.00 ,$168.63 ,$166.21 
IBM,5/28/24,$169.66 ,2629645,$170.44 ,$171.09 ,$168.65 
IBM,5/24/24,$170.89 ,2587829,$171.48 ,$172.01 ,$170.21 
IBM,5/23/24,$170.67 ,3341335,$175.39 ,$175.46 ,$170.44 
IBM,5/22/24,$173.69 ,3294900,$173.39 ,$174.99 ,$172.76 
IBM,5/21/24,$173.47 ,6459800,$169.94 ,$174.97 ,$169.94 
IBM,5/20/24,$169.92 ,2726261,$169.00 ,$170.16 ,$168.38 
IBM,5/17/24,$169.03 ,2956387,$168.97 ,$169.11 ,$167.33 
IBM,5/16/24,$168.97 ,3492267,$168.26 ,$169.63 ,$167.79 
IBM,5/15/24,$168.26 ,4468823,$167.94 ,$168.35 ,$167.34 
IBM,5/14/24,$167.36 ,2600967,$167.86 ,$168.13 ,$166.48 
IBM,5/13/24,$167.56 ,2414859,$167.50 ,$168.06 ,$166.76 
IBM,5/10/24,$167.15 ,2255370,$167.13 ,$168.07 ,$166.32 
IBM,5/9/24,$166.27 ,4266616,$167.50 ,$167.55 ,$165.88 
IBM,5/8/24,$169.90 ,3522011,$168.01 ,$170.26 ,$167.90 
IBM,5/7/24,$168.38 ,3155260,$169.00 ,$169.29 ,$167.94 
IBM,5/6/24,$168.61 ,4222266,$166.50 ,$168.67 ,$166.38 
IBM,5/3/24,$165.71 ,3400405,$165.00 ,$166.61 ,$164.92 
IBM,5/2/24,$164.69 ,3829853,$164.35 ,$164.88 ,$162.62 
IBM,5/1/24,$164.43 ,4030960,$165.69 ,$166.27 ,$164.30 
IBM,4/30/24,$166.20 ,6011634,$166.49 ,$166.76 ,$165.26 
IBM,4/29/24,$167.43 ,5263342,$167.40 ,$168.22 ,$166.23 
IBM,4/26/24,$167.13 ,8983796,$167.50 ,$167.87 ,$165.73 
IBM,4/25/24,$168.91 ,16702150,$168.20 ,$172.45 ,$165.66 
IBM,4/24/24,$184.10 ,7616643,$183.17 ,$184.29 ,$181.40 
IBM,4/23/24,$182.19 ,5950229,$182.73 ,$184.68 ,$179.00 
IBM,4/22/24,$181.90 ,3076451,$182.45 ,$183.32 ,$180.45 
IBM,4/19/24,$181.58 ,3037990,$182.43 ,$182.80 ,$180.57 
IBM,4/18/24,$181.47 ,2886733,$182.35 ,$183.46 ,$180.17 
IBM,4/17/24,$183.10 ,3003033,$184.16 ,$184.67 ,$181.78 
IBM,4/16/24,$183.75 ,4473654,$185.59 ,$185.71 ,$182.86 
IBM,4/15/24,$181.25 ,3528140,$185.57 ,$187.48 ,$180.88 
IBM,4/12/24,$182.27 ,3547378,$184.00 ,$185.17 ,$181.69 
IBM,4/11/24,$185.90 ,2861736,$186.04 ,$186.80 ,$184.58 
IBM,4/10/24,$186.04 ,3081915,$187.42 ,$187.92 ,$185.52 
IBM,4/9/24,$189.31 ,2794381,$190.54 ,$191.25 ,$186.66 
IBM,4/8/24,$189.82 ,2678284,$189.24 ,$190.24 ,$188.91 
IBM,4/5/24,$189.14 ,2014264,$188.59 ,$190.32 ,$188.02 
IBM,4/4/24,$187.94 ,2983853,$192.00 ,$193.28 ,$187.34 
IBM,4/3/24,$190.90 ,2826193,$188.60 ,$191.35 ,$188.49 
IBM,4/2/24,$188.88 ,2693455,$189.14 ,$189.80 ,$187.60 
IBM,4/1/24,$189.83 ,2364320,$190.00 ,$190.46 ,$188.52 
IBM,3/28/24,$190.96 ,3742169,$190.94 ,$191.93 ,$190.34 
IBM,3/27/24,$190.80 ,3693305,$189.60 ,$190.96 ,$188.60 
IBM,3/26/24,$188.50 ,4229535,$189.02 ,$190.00 ,$188.50 
IBM,3/25/24,$188.79 ,3718289,$190.26 ,$190.82 ,$188.75 
IBM,3/22/24,$190.84 ,3988398,$192.00 ,$192.99 ,$190.51 
IBM,3/21/24,$191.90 ,6013561,$193.00 ,$193.37 ,$190.01 
IBM,3/20/24,$193.96 ,3238643,$192.87 ,$193.98 ,$191.31 
IBM,3/19/24,$193.34 ,5317341,$191.49 ,$193.58 ,$190.28 
IBM,3/18/24,$191.69 ,5410562,$191.70 ,$193.23 ,$190.32 
IBM,3/15/24,$191.07 ,8828184,$191.99 ,$193.06 ,$190.70 
IBM,3/14/24,$193.43 ,4109636,$196.95 ,$197.75 ,$192.12 
IBM,3/13/24,$196.70 ,3993258,$197.55 ,$198.10 ,$195.32 
IBM,3/12/24,$197.78 ,5880075,$192.46 ,$199.18 ,$192.15 
IBM,3/11/24,$191.73 ,4725057,$195.09 ,$195.38 ,$190.88 
IBM,3/8/24,$195.95 ,3943113,$196.06 ,$197.77 ,$194.38 
IBM,3/7/24,$196.54 ,4604458,$197.58 ,$198.73 ,$196.14 
IBM,3/6/24,$196.16 ,6945818,$193.50 ,$198.13 ,$192.96 
IBM,3/5/24,$191.95 ,5653641,$192.00 ,$193.94 ,$190.57 
IBM,3/4/24,$193.06 ,7938266,$187.76 ,$193.90 ,$187.60 
IBM,3/1/24,$188.20 ,4018354,$185.49 ,$188.38 ,$185.18 
IBM,2/29/24,$185.03 ,6458487,$186.15 ,$186.85 ,$184.69 
IBM,2/28/24,$185.30 ,3216345,$184.63 ,$185.37 ,$183.55 
IBM,2/27/24,$184.87 ,3641378,$184.16 ,$185.13 ,$182.62 
IBM,2/26/24,$184.13 ,4620815,$185.60 ,$186.13 ,$184.06 
IBM,2/23/24,$185.72 ,3433800,$184.90 ,$186.46 ,$184.57 
IBM,2/22/24,$184.21 ,5078398,$182.45 ,$184.55 ,$181.93 
IBM,2/21/24,$179.70 ,4728473,$182.56 ,$183.03 ,$178.75 
IBM,2/20/24,$183.44 ,4247181,$187.64 ,$188.77 ,$183.06 
IBM,2/16/24,$187.64 ,4842840,$186.63 ,$188.95 ,$185.95 
IBM,2/15/24,$186.87 ,4714301,$183.62 ,$186.98 ,$183.62 
IBM,2/14/24,$183.57 ,3173391,$185.00 ,$185.00 ,$182.26 
IBM,2/13/24,$183.70 ,4290453,$184.28 ,$184.77 ,$182.36 
IBM,2/12/24,$186.16 ,4724021,$185.90 ,$186.48 ,$184.03 
IBM,2/9/24,$186.34 ,5064641,$184.44 ,$187.18 ,$183.85 
IBM,2/8/24,$184.36 ,5161185,$182.63 ,$184.55 ,$181.49 
IBM,2/7/24,$183.74 ,4841188,$183.34 ,$184.02 ,$182.63 
IBM,2/6/24,$183.41 ,3338196,$183.55 ,$184.68 ,$183.04 
IBM,2/5/24,$183.42 ,4379602,$185.51 ,$185.78 ,$183.26 
IBM,2/2/24,$185.79 ,4055411,$187.10 ,$187.39 ,$185.62 
IBM,2/1/24,$186.90 ,4669444,$183.63 ,$187.51 ,$182.71 
IBM,1/31/24,$183.66 ,8876055,$187.05 ,$187.65 ,$183.14 
IBM,1/30/24,$187.87 ,4575058,$187.71 ,$188.65 ,$186.77 
IBM,1/29/24,$187.14 ,6107908,$187.46 ,$189.46 ,$186.05 
IBM,1/26/24,$187.42 ,9895941,$191.31 ,$192.39 ,$186.16 
IBM,1/25/24,$190.43 ,29596240,$184.96 ,$196.90 ,$184.83 
IBM,1/24/24,$173.93 ,9097827,$174.76 ,$174.86 ,$172.90 
IBM,1/23/24,$173.94 ,3983461,$172.90 ,$174.02 ,$172.48 
IBM,1/22/24,$172.83 ,4925964,$172.82 ,$174.45 ,$172.40 
IBM,1/19/24,$171.48 ,6929079,$170.59 ,$171.58 ,$169.18 
IBM,1/18/24,$166.84 ,3776990,$166.49 ,$166.99 ,$165.04 
IBM,1/17/24,$166.08 ,4288604,$166.79 ,$167.82 ,$165.50 
IBM,1/16/24,$166.96 ,4869635,$165.80 ,$167.25 ,$165.34 
IBM,1/12/24,$165.80 ,4958261,$162.97 ,$165.98 ,$162.36 
IBM,1/11/24,$162.16 ,3778395,$161.02 ,$162.23 ,$160.29 
IBM,1/10/24,$161.23 ,2967852,$160.28 ,$161.34 ,$159.74 
IBM,1/9/24,$160.08 ,2617186,$160.00 ,$160.48 ,$159.51 
IBM,1/8/24,$161.14 ,3321698,$158.69 ,$161.22 ,$157.89 
IBM,1/5/24,$159.16 ,4199504,$159.91 ,$160.55 ,$158.67 
IBM,1/4/24,$160.86 ,3212004,$160.22 ,$161.81 ,$160.17 
IBM,1/3/24,$160.10 ,4086065,$161.00 ,$161.73 ,$160.08 
IBM,1/2/24,$161.50 ,3825044,$162.83 ,$163.29 ,$160.46 
IBM,12/29/23,$163.55 ,2526169,$163.75 ,$164.18 ,$162.83 
IBM,12/28/23,$163.75 ,2071313,$163.96 ,$163.96 ,$163.40 
IBM,12/27/23,$163.46 ,3234550,$163.14 ,$163.64 ,$162.68 
IBM,12/26/23,$163.21 ,1772443,$162.23 ,$163.31 ,$162.05 
IBM,12/22/23,$162.14 ,2442715,$161.10 ,$162.41 ,$161.00 
IBM,12/21/23,$160.78 ,2982924,$160.59 ,$161.08 ,$159.53 
IBM,12/20/23,$160.05 ,4865797,$161.29 ,$161.80 ,$160.01 
IBM,12/19/23,$161.56 ,3766591,$161.80 ,$162.28 ,$161.32 
IBM,12/18/23,$162.74 ,3677533,$162.23 ,$163.33 ,$161.58 
IBM,12/15/23,$162.23 ,11016110,$162.30 ,$164.09 ,$162.04 
IBM,12/14/23,$162.91 ,6129804,$162.93 ,$163.50 ,$160.15 
IBM,12/13/23,$163.62 ,4989141,$164.37 ,$164.97 ,$162.74 
IBM,12/12/23,$164.71 ,5292290,$163.27 ,$166.34 ,$162.92 
IBM,12/11/23,$163.51 ,6077207,$162.68 ,$163.65 ,$161.95 
IBM,12/8/23,$161.96 ,4561342,$160.00 ,$162.04 ,$160.00 
IBM,12/7/23,$160.22 ,3665498,$161.00 ,$161.47 ,$159.97 
IBM,12/6/23,$160.28 ,3555863,$161.59 ,$162.36 ,$160.01 
IBM,12/5/23,$161.39 ,4556668,$160.76 ,$162.47 ,$160.72 
IBM,12/4/23,$161.10 ,5779017,$160.29 ,$162.79 ,$160.29 
IBM,12/1/23,$160.55 ,4871860,$158.41 ,$160.59 ,$158.00 
IBM,11/30/23,$158.56 ,6740622,$156.95 ,$158.60 ,$156.89 
IBM,11/29/23,$156.41 ,3568887,$156.15 ,$157.51 ,$156.02 
IBM,11/28/23,$155.65 ,2666182,$155.44 ,$155.75 ,$154.86 
IBM,11/27/23,$155.57 ,4053093,$154.99 ,$156.14 ,$154.75 
IBM,11/24/23,$155.18 ,1799161,$155.13 ,$155.40 ,$153.92 
IBM,11/22/23,$155.13 ,3045091,$154.50 ,$155.71 ,$154.16 
IBM,11/21/23,$153.91 ,2859508,$154.60 ,$154.66 ,$153.51 
IBM,11/20/23,$154.35 ,3658936,$152.51 ,$154.68 ,$152.35 
IBM,11/17/23,$152.89 ,4426676,$153.29 ,$153.50 ,$152.46 
IBM,11/16/23,$153.06 ,3519172,$153.00 ,$153.35 ,$152.13 
IBM,11/15/23,$152.58 ,4632519,$150.40 ,$153.22 ,$150.40 
IBM,11/14/23,$150.41 ,4321940,$149.45 ,$150.81 ,$149.05 
IBM,11/13/23,$148.10 ,2647288,$148.46 ,$148.49 ,$147.35 
IBM,11/10/23,$149.02 ,3179541,$147.44 ,$149.17 ,$146.85 
IBM,11/9/23,$146.62 ,3412713,$146.55 ,$146.99 ,$145.28 
IBM,11/8/23,$148.03 ,3618588,$149.25 ,$149.68 ,$147.59 
IBM,11/7/23,$148.83 ,3549853,$149.03 ,$149.28 ,$148.03 
IBM,11/6/23,$148.97 ,4597249,$147.89 ,$149.23 ,$147.85 
IBM,11/3/23,$147.90 ,3510495,$147.45 ,$148.45 ,$147.28 
IBM,11/2/23,$147.01 ,3902657,$145.77 ,$147.10 ,$144.84 
IBM,11/1/23,$145.40 ,4750081,$145.00 ,$146.51 ,$144.45 
IBM,10/31/23,$144.64 ,6592041,$143.00 ,$144.76 ,$142.59 
IBM,10/30/23,$142.63 ,4204190,$143.19 ,$144.50 ,$142.58 
IBM,10/27/23,$142.52 ,5469227,$143.62 ,$144.70 ,$141.71 
IBM,10/26/23,$143.76 ,11130170,$142.20 ,$144.41 ,$141.58 
IBM,10/25/23,$137.08 ,6472549,$137.50 ,$138.49 ,$136.33 
IBM,10/24/23,$137.79 ,3697975,$136.74 ,$137.98 ,$136.05 
IBM,10/23/23,$136.38 ,3457527,$136.63 ,$137.68 ,$135.87 
IBM,10/20/23,$137.16 ,4865615,$138.15 ,$139.27 ,$137.12 
IBM,10/19/23,$138.01 ,5314159,$138.64 ,$139.41 ,$137.93 
IBM,10/18/23,$139.97 ,3329985,$140.00 ,$140.43 ,$139.58 
IBM,10/17/23,$140.32 ,4172822,$137.12 ,$140.62 ,$136.31 
IBM,10/16/23,$139.21 ,3361468,$139.28 ,$139.78 ,$138.52 
IBM,10/13/23,$138.46 ,4583553,$139.77 ,$140.12 ,$138.27 
IBM,10/12/23,$141.24 ,3921142,$142.51 ,$142.93 ,$140.95 
IBM,10/11/23,$143.23 ,2511459,$142.51 ,$143.34 ,$142.14 
IBM,10/10/23,$142.11 ,3015784,$142.60 ,$143.42 ,$141.72 
IBM,10/9/23,$142.20 ,2354396,$142.30 ,$142.40 ,$140.68 
IBM,10/6/23,$142.03 ,3511347,$141.40 ,$142.94 ,$140.11 
IBM,10/5/23,$141.52 ,3223910,$140.90 ,$141.70 ,$140.19 
IBM,10/4/23,$141.07 ,2637779,$140.37 ,$141.20 ,$139.99 
IBM,10/3/23,$140.39 ,3284421,$140.87 ,$141.64 ,$140.00 
IBM,10/2/23,$140.80 ,3275461,$140.04 ,$141.45 ,$139.86 
IBM,9/29/23,$140.30 ,5703983,$142.00 ,$142.13 ,$139.61 
IBM,9/28/23,$141.58 ,5783422,$142.14 ,$142.28 ,$140.21 
IBM,9/27/23,$143.17 ,4439121,$143.67 ,$143.82 ,$141.76 
IBM,9/26/23,$143.24 ,4824654,$145.51 ,$146.17 ,$143.02 
IBM,9/25/23,$146.48 ,2694245,$146.57 ,$147.43 ,$146.25 
IBM,9/22/23,$146.91 ,2562216,$147.41 ,$148.10 ,$146.82 
IBM,9/21/23,$147.38 ,4944786,$149.00 ,$149.25 ,$147.31 
IBM,9/20/23,$149.83 ,9636681,$148.36 ,$151.93 ,$148.13 
IBM,9/19/23,$146.52 ,3945423,$145.00 ,$146.72 ,$144.66 
IBM,9/18/23,$145.09 ,2508062,$145.77 ,$146.48 ,$145.06 
IBM,9/15/23,$145.99 ,6234033,$147.11 ,$147.85 ,$145.53 
IBM,9/14/23,$147.35 ,2723200,$147.38 ,$147.73 ,$146.48 
IBM,9/13/23,$146.55 ,2627999,$145.95 ,$146.98 ,$145.92 
IBM,9/12/23,$146.30 ,4457695,$147.92 ,$148.00 ,$145.80 
IBM,9/11/23,$148.38 ,3273720,$148.57 ,$148.78 ,$147.58 
IBM,9/8/23,$147.68 ,3722927,$147.35 ,$148.59 ,$147.26 
IBM,9/7/23,$147.52 ,3333040,$148.13 ,$148.78 ,$147.40 
IBM,9/6/23,$148.06 ,2932203,$147.66 ,$148.33 ,$147.12 
IBM,9/5/23,$148.13 ,3731281,$147.91 ,$149.00 ,$147.57 
IBM,9/1/23,$147.94 ,2727796,$147.26 ,$148.10 ,$146.92 
IBM,8/31/23,$146.83 ,3885949,$146.94 ,$147.73 ,$146.54 
IBM,8/30/23,$146.86 ,2245402,$146.42 ,$146.92 ,$145.75 
IBM,8/29/23,$146.45 ,2778113,$146.30 ,$146.73 ,$145.62 
IBM,8/28/23,$146.02 ,3561347,$145.41 ,$146.74 ,$145.21 
IBM,8/25/23,$145.35 ,3660147,$144.18 ,$145.47 ,$143.50 
IBM,8/24/23,$143.55 ,2900244,$143.51 ,$144.47 ,$143.22 
IBM,8/23/23,$143.41 ,2559083,$141.72 ,$143.48 ,$141.58 
IBM,8/22/23,$141.49 ,3557734,$142.66 ,$143.23 ,$141.30 
IBM,8/21/23,$142.28 ,2937781,$141.42 ,$142.39 ,$141.11 
IBM,8/18/23,$141.41 ,3915480,$140.00 ,$141.83 ,$139.76 
IBM,8/17/23,$140.66 ,3742058,$141.01 ,$142.66 ,$140.60 
IBM,8/16/23,$140.64 ,3285347,$141.70 ,$142.09 ,$140.56 
IBM,8/15/23,$141.87 ,3656559,$141.50 ,$142.31 ,$141.20 
IBM,8/14/23,$141.91 ,4226563,$143.05 ,$143.37 ,$141.80 
IBM,8/11/23,$143.12 ,2526433,$143.12 ,$143.45 ,$142.21 
IBM,8/10/23,$143.25 ,4735763,$143.04 ,$144.58 ,$142.69 
IBM,8/9/23,$142.49 ,4073038,$144.94 ,$144.94 ,$142.30 
IBM,8/8/23,$145.91 ,4654582,$145.70 ,$146.15 ,$144.11 
IBM,8/7/23,$146.18 ,3438654,$145.00 ,$146.50 ,$144.93 
IBM,8/4/23,$144.24 ,4223204,$145.09 ,$146.09 ,$143.99 
IBM,8/3/23,$144.45 ,3952640,$143.78 ,$145.22 ,$143.31 
IBM,8/2/23,$144.17 ,4959381,$142.78 ,$144.30 ,$142.31 
IBM,8/1/23,$143.33 ,4798703,$144.25 ,$144.48 ,$142.17 
IBM,7/31/23,$144.18 ,6138902,$143.81 ,$144.61 ,$143.53 
IBM,7/28/23,$143.45 ,6686627,$143.44 ,$143.95 ,$142.85 
IBM,7/27/23,$142.97 ,6331563,$142.30 ,$143.38 ,$141.90 
IBM,7/26/23,$141.07 ,4046441,$140.44 ,$141.25 ,$139.88 
IBM,7/25/23,$140.33 ,3770813,$139.42 ,$140.43 ,$139.04 
IBM,7/24/23,$139.54 ,3475442,$139.35 ,$140.12 ,$138.78 
IBM,7/21/23,$138.94 ,5858741,$138.21 ,$139.78 ,$137.76 
IBM,7/20/23,$138.38 ,10896330,$137.19 ,$140.32 ,$136.56 
IBM,7/19/23,$135.48 ,5519992,$135.53 ,$136.45 ,$135.19 
IBM,7/18/23,$135.36 ,3852058,$134.71 ,$135.95 ,$134.29 
IBM,7/17/23,$134.24 ,3168419,$133.26 ,$134.61 ,$133.10 
IBM,7/14/23,$133.40 ,2861496,$133.91 ,$133.92 ,$132.94 
IBM,7/13/23,$133.92 ,3221422,$133.51 ,$135.07 ,$133.36 
IBM,7/12/23,$132.84 ,3732189,$135.07 ,$135.33 ,$132.58 
IBM,7/11/23,$134.44 ,2925238,$133.66 ,$134.56 ,$133.23 
IBM,7/10/23,$132.90 ,2369425,$131.76 ,$133.05 ,$131.70 
IBM,7/7/23,$132.08 ,2982738,$131.78 ,$133.86 ,$131.75 
IBM,7/6/23,$132.16 ,3508083,$133.24 ,$133.90 ,$131.55 
IBM,7/5/23,$134.24 ,2955870,$133.32 ,$134.31 ,$132.59 
IBM,7/3/23,$133.67 ,1477149,$133.42 ,$134.35 ,$132.87 
IBM,6/30/23,$133.81 ,4236677,$134.69 ,$135.03 ,$133.43 
IBM,6/29/23,$134.06 ,3639836,$131.75 ,$134.35 ,$131.69 
IBM,6/28/23,$131.76 ,2753779,$132.06 ,$132.17 ,$130.91 
IBM,6/27/23,$132.34 ,3219909,$131.30 ,$132.95 ,$130.83 
IBM,6/26/23,$131.34 ,4845649,$129.39 ,$131.41 ,$129.31 
IBM,6/23/23,$129.43 ,11324710,$130.40 ,$130.62 ,$129.18 
IBM,6/22/23,$131.17 ,6013021,$131.68 ,$132.96 ,$130.68 
IBM,6/21/23,$133.69 ,5501272,$135.11 ,$135.39 ,$133.29 
IBM,6/20/23,$135.96 ,4272511,$136.36 ,$137.23 ,$135.89 
IBM,6/16/23,$137.48 ,7473676,$139.23 ,$139.47 ,$137.47 
IBM,6/15/23,$138.40 ,3812582,$137.27 ,$138.80 ,$137.18 
IBM,6/14/23,$137.20 ,4514888,$137.80 ,$138.93 ,$136.94 
IBM,6/13/23,$137.60 ,3927331,$136.51 ,$138.17 ,$136.00 
IBM,6/12/23,$136.42 ,4500120,$136.00 ,$136.62 ,$135.82 
IBM,6/9/23,$135.30 ,3981748,$134.36 ,$136.10 ,$134.17 
IBM,6/8/23,$134.41 ,4128939,$134.69 ,$135.98 ,$134.01 
IBM,6/7/23,$134.38 ,5772024,$132.50 ,$134.44 ,$132.19 
IBM,6/6/23,$132.69 ,3297951,$132.43 ,$132.94 ,$131.88 
IBM,6/5/23,$132.64 ,3993516,$133.12 ,$133.58 ,$132.27 
IBM,6/2/23,$132.42 ,5375796,$130.38 ,$133.12 ,$130.15 
IBM,6/1/23,$129.82 ,4136086,$128.44 ,$130.15 ,$127.78 
IBM,5/31/23,$128.59 ,11590210,$128.51 ,$129.44 ,$127.46 
IBM,5/30/23,$129.48 ,3741050,$129.56 ,$130.07 ,$128.26 
IBM,5/26/23,$128.89 ,5612570,$127.06 ,$129.66 ,$126.81 
IBM,5/25/23,$126.76 ,4102854,$125.61 ,$127.23 ,$125.01 
IBM,5/24/23,$125.68 ,3915505,$127.82 ,$127.90 ,$125.47 
IBM,5/23/23,$128.18 ,4592280,$127.24 ,$129.09 ,$127.13 
IBM,5/22/23,$127.50 ,2806770,$127.50 ,$128.19 ,$127.15 
IBM,5/19/23,$127.26 ,4306657,$126.79 ,$128.29 ,$126.55 
IBM,5/18/23,$126.15 ,3797883,$125.30 ,$126.51 ,$125.19 
IBM,5/17/23,$125.71 ,4515134,$123.94 ,$125.85 ,$123.47 
IBM,5/16/23,$123.46 ,2749125,$123.35 ,$123.86 ,$122.45 
IBM,5/15/23,$123.36 ,2915725,$123.00 ,$123.69 ,$122.34 
IBM,5/12/23,$122.84 ,4564825,$121.41 ,$122.86 ,$121.11 
IBM,5/11/23,$120.90 ,3446452,$122.02 ,$122.24 ,$120.55 
IBM,5/10/23,$122.02 ,4189222,$121.99 ,$122.49 ,$121.10 
IBM,5/9/23,$121.17 ,4540047,$121.90 ,$121.97 ,$120.66 
IBM,5/8/23,$123.40 ,3663818,$123.76 ,$123.92 ,$122.55 
IBM,5/5/23,$123.65 ,4971936,$123.11 ,$124.10 ,$122.81 
IBM,5/4/23,$122.57 ,4468237,$123.03 ,$123.52 ,$121.76 
IBM,5/3/23,$123.45 ,4554212,$125.46 ,$125.57 ,$123.26 
IBM,5/2/23,$125.16 ,4445283,$126.30 ,$126.45 ,$123.27 
IBM,5/1/23,$126.09 ,2724992,$126.35 ,$126.75 ,$126.06 
IBM,4/28/23,$126.41 ,5061247,$126.58 ,$127.25 ,$125.64 
IBM,4/27/23,$126.97 ,3204889,$126.37 ,$127.02 ,$125.46 
IBM,4/26/23,$125.85 ,4070168,$125.81 ,$126.55 ,$125.12 
IBM,4/25/23,$125.89 ,4275396,$124.90 ,$126.19 ,$124.76 
IBM,4/24/23,$125.40 ,4043892,$125.55 ,$126.05 ,$124.56 
IBM,4/21/23,$125.73 ,6725426,$126.00 ,$126.70 ,$125.27 
IBM,4/20/23,$126.36 ,9749618,$130.15 ,$130.98 ,$125.84 
IBM,4/19/23,$126.32 ,7014368,$126.50 ,$126.98 ,$125.30 
IBM,4/18/23,$127.78 ,3193787,$128.14 ,$128.68 ,$127.35 
IBM,4/17/23,$127.82 ,3662666,$128.30 ,$128.72 ,$126.80 
IBM,4/14/23,$128.14 ,4180614,$128.46 ,$129.84 ,$127.31 
IBM,4/13/23,$127.90 ,5621512,$128.01 ,$128.39 ,$126.00 
IBM,4/12/23,$128.54 ,3957542,$130.40 ,$130.89 ,$128.17 
IBM,4/11/23,$130.42 ,3132430,$130.58 ,$131.11 ,$130.18 
IBM,4/10/23,$131.03 ,2614402,$129.83 ,$131.08 ,$129.24 
IBM,4/6/23,$130.50 ,3050581,$132.16 ,$132.60 ,$130.32 
IBM,4/5/23,$132.14 ,2898759,$131.37 ,$132.61 ,$131.37 
IBM,4/4/23,$131.60 ,3382783,$131.99 ,$132.15 ,$130.89 
IBM,4/3/23,$132.06 ,3840139,$130.97 ,$132.61 ,$130.77 
IBM,3/31/23,$131.09 ,4524686,$129.47 ,$131.23 ,$129.42 
IBM,3/30/23,$129.22 ,3561762,$130.16 ,$131.48 ,$129.10 
IBM,3/29/23,$129.71 ,3279846,$130.12 ,$130.35 ,$129.18 
IBM,3/28/23,$129.34 ,2889115,$129.18 ,$129.66 ,$128.80 
IBM,3/27/23,$129.31 ,6524113,$126.47 ,$130.26 ,$126.47 
IBM,3/24/23,$125.29 ,3812644,$123.36 ,$125.40 ,$122.88 
IBM,3/23/23,$123.37 ,4651936,$123.81 ,$124.93 ,$122.60 
IBM,3/22/23,$124.05 ,3549024,$127.00 ,$127.22 ,$124.01 
IBM,3/21/23,$126.57 ,3856345,$126.90 ,$127.15 ,$125.66 
IBM,3/20/23,$125.94 ,4588304,$124.31 ,$126.16 ,$124.19 
IBM,3/17/23,$123.69 ,37400170,$124.08 ,$124.52 ,$122.93 
IBM,3/16/23,$124.70 ,6440023,$122.96 ,$124.82 ,$121.92 
IBM,3/15/23,$123.28 ,5989339,$122.99 ,$123.35 ,$121.71 
IBM,3/14/23,$124.65 ,8114792,$126.49 ,$126.64 ,$123.20 
IBM,3/13/23,$125.58 ,8188369,$125.15 ,$128.19 ,$124.85 
IBM,3/10/23,$125.45 ,5990867,$126.12 ,$127.29 ,$125.13 
IBM,3/9/23,$126.16 ,5478317,$128.30 ,$128.53 ,$125.98 
IBM,3/8/23,$128.05 ,2778798,$128.48 ,$128.74 ,$127.55 
IBM,3/7/23,$128.25 ,3530439,$130.28 ,$130.42 ,$128.19 
IBM,3/6/23,$130.19 ,2982980,$129.64 ,$130.86 ,$129.59 
IBM,3/3/23,$129.64 ,2860286,$129.35 ,$129.91 ,$128.77 
IBM,3/2/23,$128.93 ,3340254,$128.39 ,$129.22 ,$127.71 
IBM,3/1/23,$128.19 ,3760678,$128.90 ,$129.47 ,$127.74 
IBM,2/28/23,$129.30 ,5143133,$130.55 ,$130.61 ,$129.14 
IBM,2/27/23,$130.49 ,2761326,$131.42 ,$131.87 ,$130.13 
IBM,2/24/23,$130.57 ,3015907,$129.62 ,$130.67 ,$129.22 
IBM,2/23/23,$130.79 ,3725648,$131.50 ,$131.70 ,$128.86 
IBM,2/22/23,$130.97 ,3200185,$131.90 ,$131.99 ,$130.29 
IBM,2/21/23,$131.71 ,4257210,$134.00 ,$134.39 ,$131.66 
IBM,2/17/23,$135.02 ,3466184,$134.50 ,$135.58 ,$133.89 
IBM,2/16/23,$135.00 ,2965495,$135.57 ,$135.97 ,$134.59 
IBM,2/15/23,$136.40 ,2507004,$135.20 ,$136.45 ,$135.07 
IBM,2/14/23,$136.01 ,3202172,$137.05 ,$137.24 ,$135.05 
IBM,2/13/23,$137.35 ,4403015,$136.00 ,$137.39 ,$135.85 
IBM,2/10/23,$135.60 ,5049571,$133.78 ,$135.77 ,$133.50 
IBM,2/9/23,$133.75 ,3918817,$134.99 ,$135.73 ,$133.34 
IBM,2/8/23,$135.98 ,4593748,$135.71 ,$136.74 ,$135.16 
IBM,2/7/23,$135.84 ,3737553,$135.67 ,$136.40 ,$134.45 
IBM,2/6/23,$136.18 ,4841300,$135.83 ,$136.32 ,$134.95 
IBM,2/3/23,$136.94 ,3755720,$136.35 ,$136.95 ,$135.53 
IBM,2/2/23,$136.39 ,6107793,$135.96 ,$136.72 ,$134.85 
IBM,2/1/23,$135.09 ,5428898,$134.49 ,$135.79 ,$132.80 
IBM,1/31/23,$134.73 ,7206448,$135.50 ,$135.65 ,$133.76 
IBM,1/30/23,$135.30 ,5375712,$134.32 ,$136.11 ,$133.98 
IBM,1/27/23,$134.39 ,8143146,$134.44 ,$135.49 ,$133.77 
IBM,1/26/23,$134.45 ,17548480,$137.53 ,$138.27 ,$132.98 
IBM,1/25/23,$140.76 ,7347453,$140.47 ,$141.03 ,$139.36 
IBM,1/24/23,$141.49 ,4407622,$141.25 ,$142.75 ,$140.00 
IBM,1/23/23,$141.86 ,5898436,$141.40 ,$142.99 ,$141.06 
IBM,1/20/23,$141.20 ,7153341,$141.67 ,$141.86 ,$140.51 
IBM,1/19/23,$140.62 ,4833924,$140.00 ,$142.23 ,$139.75 
IBM,1/18/23,$140.41 ,6445642,$144.40 ,$144.68 ,$140.23 
IBM,1/17/23,$145.19 ,2986461,$146.42 ,$147.18 ,$145.01 
IBM,1/13/23,$145.89 ,2455786,$144.06 ,$146.10 ,$144.01 
IBM,1/12/23,$145.55 ,2716118,$144.88 ,$146.66 ,$144.52 
IBM,1/11/23,$145.26 ,3268738,$145.00 ,$145.53 ,$143.45 
IBM,1/10/23,$144.80 ,2152172,$143.61 ,$144.85 ,$142.90 
IBM,1/9/23,$143.55 ,3987782,$144.08 ,$145.47 ,$143.40 
IBM,1/6/23,$143.70 ,3574042,$142.38 ,$144.25 ,$141.58 
IBM,1/5/23,$141.11 ,2866648,$142.44 ,$142.50 ,$140.01 
IBM,1/4/23,$142.60 ,3869236,$142.07 ,$143.62 ,$141.37 
IBM,1/3/23,$141.55 ,3338829,$141.10 ,$141.90 ,$140.48 
IBM,12/30/22,$140.89 ,2858110,$140.54 ,$140.90 ,$139.45 
IBM,12/29/22,$141.06 ,2337207,$140.58 ,$142.26 ,$140.45 
IBM,12/28/22,$140.02 ,2539577,$142.40 ,$142.81 ,$139.95 
IBM,12/27/22,$142.42 ,2742525,$141.73 ,$142.72 ,$141.23 
IBM,12/23/22,$141.65 ,2092715,$140.59 ,$141.86 ,$139.60 
IBM,12/22/22,$140.88 ,3337851,$140.95 ,$141.44 ,$138.62 
IBM,12/21/22,$142.14 ,3793700,$141.84 ,$143.09 ,$140.98 
IBM,12/20/22,$141.28 ,5156450,$138.84 ,$141.43 ,$138.34 
IBM,12/19/22,$138.87 ,5282860,$140.16 ,$140.44 ,$137.20 
IBM,12/16/22,$140.16 ,9834427,$141.25 ,$141.92 ,$138.97 
IBM,12/15/22,$142.36 ,6687744,$148.52 ,$148.98 ,$141.58 
IBM,12/14/22,$149.86 ,4205878,$150.47 ,$151.91 ,$148.45 
IBM,12/13/22,$150.57 ,8811553,$150.37 ,$153.21 ,$149.95 
IBM,12/12/22,$149.21 ,4032780,$147.82 ,$149.21 ,$146.94 
IBM,12/9/22,$147.05 ,3047581,$147.40 ,$148.34 ,$146.97 
IBM,12/8/22,$147.78 ,2665687,$147.90 ,$149.15 ,$147.37 
IBM,12/7/22,$147.27 ,3971285,$147.33 ,$148.11 ,$146.29 
IBM,12/6/22,$147.50 ,2847610,$147.30 ,$147.80 ,$146.70 
IBM,12/5/22,$147.41 ,2784767,$147.94 ,$148.93 ,$146.80 
IBM,12/2/22,$148.67 ,2899995,$148.13 ,$149.16 ,$147.73 
IBM,12/1/22,$149.16 ,4495924,$149.98 ,$150.01 ,$147.34 
IBM,11/30/22,$148.90 ,6377582,$146.19 ,$149.64 ,$145.67 
IBM,11/29/22,$146.49 ,2754744,$145.91 ,$147.17 ,$145.70 
IBM,11/28/22,$146.18 ,3538696,$147.98 ,$148.24 ,$145.94 
IBM,11/25/22,$148.37 ,2075156,$148.27 ,$149.49 ,$148.10 
IBM,11/23/22,$148.75 ,3658459,$149.10 ,$150.46 ,$148.30 
IBM,11/22/22,$149.10 ,7062060,$147.60 ,$149.35 ,$147.02 
IBM,11/21/22,$146.68 ,3476208,$147.55 ,$147.93 ,$146.45 
IBM,11/18/22,$147.64 ,4661735,$146.56 ,$148.31 ,$145.94 
IBM,11/17/22,$146.09 ,3955162,$143.41 ,$146.18 ,$143.25 
IBM,11/16/22,$144.52 ,3445302,$144.13 ,$144.95 ,$144.01 
IBM,11/15/22,$144.34 ,4727107,$144.08 ,$146.16 ,$142.00 
IBM,11/14/22,$144.20 ,5245624,$142.63 ,$146.08 ,$142.18 
IBM,11/11/22,$143.17 ,5871264,$141.50 ,$144.13 ,$140.96 
IBM,11/10/22,$141.23 ,5389025,$140.26 ,$141.37 ,$138.29 
IBM,11/9/22,$137.39 ,4720007,$137.95 ,$138.90 ,$136.94 
IBM,11/8/22,$140.04 ,5042756,$139.00 ,$140.93 ,$138.72 
IBM,11/7/22,$138.34 ,4043062,$136.64 ,$138.70 ,$136.51 
IBM,11/4/22,$136.96 ,4177972,$135.65 ,$137.73 ,$134.94 
IBM,11/3/22,$134.47 ,4442443,$136.42 ,$136.48 ,$133.97 
IBM,11/2/22,$136.83 ,5365264,$137.75 ,$140.17 ,$136.80 
IBM,11/1/22,$138.20 ,3590607,$138.25 ,$138.65 ,$136.70 
IBM,10/31/22,$138.29 ,4915270,$138.06 ,$138.77 ,$136.60 
IBM,10/28/22,$138.51 ,5965457,$135.56 ,$138.86 ,$135.22 
IBM,10/27/22,$134.77 ,3993168,$135.55 ,$136.40 ,$134.45 
IBM,10/26/22,$135.01 ,5140023,$133.72 ,$135.86 ,$132.81 
IBM,10/25/22,$132.93 ,5957623,$132.00 ,$133.30 ,$131.30 
IBM,10/24/22,$132.69 ,5610914,$130.90 ,$133.11 ,$129.85 
IBM,10/21/22,$129.90 ,7201256,$128.39 ,$130.85 ,$127.59 
IBM,10/20/22,$128.30 ,13623120,$126.25 ,$128.96 ,$125.15 
IBM,10/19/22,$122.51 ,5906576,$122.36 ,$123.94 ,$121.99 
IBM,10/18/22,$122.94 ,5120336,$123.00 ,$123.94 ,$121.82 
IBM,10/17/22,$121.52 ,5458585,$121.80 ,$122.88 ,$121.43 
IBM,10/14/22,$120.04 ,3763840,$121.80 ,$122.54 ,$119.84 
IBM,10/13/22,$121.79 ,5837645,$116.10 ,$122.15 ,$115.55 
IBM,10/12/22,$117.57 ,3338754,$118.00 ,$118.81 ,$117.20 
IBM,10/11/22,$117.80 ,4043265,$117.46 ,$119.23 ,$116.94 
IBM,10/10/22,$117.75 ,5990008,$119.79 ,$119.96 ,$117.04 
IBM,10/7/22,$118.82 ,4499672,$121.50 ,$121.80 ,$118.07 
IBM,10/6/22,$122.23 ,5074624,$124.88 ,$125.30 ,$121.77 
IBM,10/5/22,$125.74 ,3212872,$124.71 ,$126.46 ,$124.23 
IBM,10/4/22,$125.50 ,4566055,$122.80 ,$125.65 ,$122.52 
IBM,10/3/22,$121.51 ,4261729,$120.16 ,$122.21 ,$119.60 
IBM,9/30/22,$118.81 ,5346108,$121.66 ,$122.43 ,$118.61 
IBM,9/29/22,$121.63 ,3817723,$121.85 ,$122.62 ,$120.57 
IBM,9/28/22,$122.76 ,4996378,$121.65 ,$123.23 ,$119.81 
IBM,9/27/22,$121.74 ,4117215,$122.60 ,$123.95 ,$121.08 
IBM,9/26/22,$122.01 ,3987817,$122.30 ,$124.26 ,$121.75 
IBM,9/23/22,$122.71 ,5195693,$124.53 ,$125.00 ,$121.74 
IBM,9/22/22,$125.31 ,4046748,$124.76 ,$126.51 ,$124.41 
IBM,9/21/22,$124.93 ,3389545,$126.89 ,$127.84 ,$124.92 
IBM,9/20/22,$126.30 ,2837485,$126.90 ,$126.99 ,$125.52 
IBM,9/19/22,$127.73 ,3981606,$126.49 ,$128.06 ,$126.28 
IBM,9/16/22,$127.27 ,9839696,$124.36 ,$127.53 ,$123.83 
IBM,9/15/22,$125.49 ,5141671,$127.39 ,$127.47 ,$124.90 
IBM,9/14/22,$127.69 ,3819067,$127.50 ,$129.00 ,$126.85 
IBM,9/13/22,$127.25 ,4565585,$129.14 ,$129.91 ,$126.77 
IBM,9/12/22,$130.66 ,3741168,$130.33 ,$130.99 ,$129.89 
IBM,9/9/22,$129.19 ,3293365,$128.90 ,$129.49 ,$128.06 
IBM,9/8/22,$128.47 ,2964613,$127.20 ,$128.54 ,$126.59 
IBM,9/7/22,$127.71 ,2401513,$126.69 ,$127.87 ,$126.28 
IBM,9/6/22,$126.72 ,3347108,$127.80 ,$128.06 ,$126.30 
IBM,9/2/22,$127.79 ,3040813,$130.30 ,$130.56 ,$127.24 
IBM,9/1/22,$129.66 ,3396219,$128.40 ,$129.82 ,$127.74 
IBM,8/31/22,$128.45 ,3490380,$129.92 ,$130.00 ,$128.40 
IBM,8/30/22,$129.58 ,2407888,$130.56 ,$130.77 ,$129.29 
IBM,8/29/22,$130.31 ,2782973,$129.99 ,$131.42 ,$129.57 
IBM,8/26/22,$130.38 ,4185254,$134.10 ,$134.18 ,$130.34 
IBM,8/25/22,$133.98 ,2706005,$133.65 ,$134.43 ,$133.07 
IBM,8/24/22,$133.23 ,2855421,$134.89 ,$135.11 ,$133.11 
IBM,8/23/22,$134.74 ,4141798,$135.37 ,$136.10 ,$134.72 
IBM,8/22/22,$135.55 ,3093629,$137.65 ,$137.85 ,$135.47 
IBM,8/19/22,$138.37 ,3155842,$138.75 ,$139.34 ,$137.66 
IBM,8/18/22,$139.07 ,3177726,$137.79 ,$139.12 ,$137.75 
IBM,8/17/22,$137.79 ,3667568,$136.46 ,$138.42 ,$136.30 
IBM,8/16/22,$136.56 ,4313600,$134.60 ,$137.37 ,$134.45 
IBM,8/15/22,$134.93 ,2791241,$132.96 ,$135.19 ,$132.24 
IBM,8/12/22,$134.01 ,2767054,$132.62 ,$134.09 ,$131.98 
IBM,8/11/22,$132.54 ,3501925,$132.36 ,$133.23 ,$132.00 
IBM,8/10/22,$131.50 ,3663995,$130.75 ,$131.78 ,$130.34 
IBM,8/9/22,$129.47 ,3495991,$129.92 ,$130.79 ,$129.12 
IBM,8/8/22,$132.61 ,3825145,$133.10 ,$133.35 ,$132.02 
IBM,8/5/22,$132.48 ,2586519,$131.25 ,$132.67 ,$131.07 
IBM,8/4/22,$131.64 ,3179789,$132.15 ,$132.29 ,$131.02 
IBM,8/3/22,$132.34 ,3088532,$131.82 ,$132.86 ,$131.32 
IBM,8/2/22,$131.81 ,4403633,$132.20 ,$132.78 ,$130.51 
IBM,8/1/22,$132.04 ,4142099,$130.75 ,$132.70 ,$130.70 
IBM,7/29/22,$130.79 ,5786815,$129.52 ,$131.00 ,$129.31 
IBM,7/28/22,$129.22 ,3913680,$128.75 ,$129.81 ,$128.61 
IBM,7/27/22,$129.12 ,4175625,$127.97 ,$129.43 ,$127.58 
IBM,7/26/22,$128.08 ,3645313,$128.26 ,$129.30 ,$127.63 
IBM,7/25/22,$128.54 ,4702352,$128.44 ,$129.13 ,$127.90 
IBM,7/22/22,$128.25 ,6467205,$127.03 ,$128.32 ,$125.71 
IBM,7/21/22,$127.15 ,11975360,$128.75 ,$128.81 ,$125.13 
IBM,7/20/22,$129.18 ,9882016,$130.70 ,$130.72 ,$128.06 
IBM,7/19/22,$130.88 ,29690540,$131.58 ,$132.56 ,$127.72 
IBM,7/18/22,$138.13 ,8231694,$140.15 ,$140.31 ,$137.78 
IBM,7/15/22,$139.92 ,4519320,$140.68 ,$140.68 ,$138.61 
IBM,7/14/22,$139.06 ,5298351,$135.60 ,$139.43 ,$135.02 
IBM,7/13/22,$137.18 ,4123213,$137.18 ,$138.90 ,$136.80 
IBM,7/12/22,$139.18 ,3235571,$140.84 ,$141.55 ,$138.57 
IBM,7/11/22,$141.00 ,3912773,$140.62 ,$141.87 ,$140.13 
IBM,7/8/22,$140.47 ,2820928,$140.76 ,$141.32 ,$139.82 
IBM,7/7/22,$140.83 ,3897077,$138.91 ,$141.33 ,$138.83 
IBM,7/6/22,$138.08 ,3237059,$138.00 ,$139.14 ,$137.13 
IBM,7/5/22,$137.62 ,6274067,$139.97 ,$139.97 ,$135.27 
IBM,7/1/22,$141.12 ,4012106,$141.00 ,$141.67 ,$139.26 
IBM,6/30/22,$141.19 ,4878020,$139.58 ,$142.46 ,$139.28 
IBM,6/29/22,$140.71 ,4161491,$142.74 ,$143.52 ,$139.50 
IBM,6/28/22,$141.86 ,4065202,$142.92 ,$144.16 ,$141.32 
IBM,6/27/22,$142.80 ,3935968,$142.26 ,$143.83 ,$141.95 
IBM,6/24/22,$142.06 ,11493010,$139.20 ,$142.37 ,$139.13 
IBM,6/23/22,$138.44 ,4547925,$137.14 ,$138.62 ,$136.50 
IBM,6/22/22,$137.08 ,3791635,$136.10 ,$138.18 ,$136.03 
IBM,6/21/22,$137.85 ,4089272,$135.90 ,$138.50 ,$135.90 
IBM,6/17/22,$135.02 ,12968510,$135.99 ,$136.98 ,$132.85 
IBM,6/16/22,$135.67 ,5386396,$135.30 ,$136.24 ,$134.39 
IBM,6/15/22,$137.06 ,4606887,$136.01 ,$138.45 ,$135.58 
IBM,6/14/22,$135.72 ,4607785,$135.00 ,$136.95 ,$134.86 
IBM,6/13/22,$135.11 ,6486044,$133.97 ,$137.57 ,$133.76 
IBM,6/10/22,$136.19 ,4661716,$137.80 ,$137.80 ,$135.25 
IBM,6/9/22,$137.96 ,3592551,$140.15 ,$141.04 ,$137.93 
IBM,6/8/22,$140.83 ,3005666,$142.07 ,$142.80 ,$140.15 
IBM,6/7/22,$142.78 ,2887051,$142.60 ,$142.98 ,$140.96 
IBM,6/6/22,$142.88 ,4767100,$142.98 ,$144.73 ,$142.00 
IBM,6/3/22,$141.18 ,4352213,$140.26 ,$142.58 ,$139.74 
IBM,6/2/22,$140.15 ,3734812,$139.45 ,$140.29 ,$136.85 
IBM,6/1/22,$139.43 ,3796488,$139.67 ,$140.47 ,$138.52 
IBM,5/31/22,$138.84 ,7978053,$138.20 ,$139.83 ,$136.81 
IBM,5/27/22,$139.27 ,4608215,$137.39 ,$139.74 ,$137.24 
IBM,5/26/22,$136.89 ,3929338,$135.00 ,$137.55 ,$134.52 
IBM,5/25/22,$134.39 ,3299303,$132.86 ,$134.82 ,$132.86 
IBM,5/24/22,$133.80 ,4189723,$130.57 ,$134.37 ,$130.42 
IBM,5/23/22,$131.17 ,3591511,$129.50 ,$131.95 ,$129.42 
IBM,5/20/22,$128.48 ,6914458,$130.18 ,$130.37 ,$125.80 
IBM,5/19/22,$129.66 ,5819664,$132.00 ,$132.32 ,$128.71 
IBM,5/18/22,$132.94 ,6003015,$137.10 ,$137.62 ,$132.17 
IBM,5/17/22,$138.37 ,4372909,$137.19 ,$138.37 ,$135.64 
IBM,5/16/22,$135.03 ,4250395,$133.10 ,$136.51 ,$132.41 
IBM,5/13/22,$133.60 ,4195218,$133.00 ,$133.80 ,$131.05 
IBM,5/12/22,$132.90 ,5384809,$131.27 ,$133.62 ,$130.41 
IBM,5/11/22,$130.75 ,5301131,$129.86 ,$132.96 ,$129.86 
IBM,5/10/22,$129.13 ,8642398,$135.00 ,$135.41 ,$128.43 
IBM,5/9/22,$134.44 ,7647933,$134.41 ,$136.35 ,$133.32 
IBM,5/6/22,$137.67 ,7306396,$135.47 ,$137.99 ,$135.47 
IBM,5/5/22,$135.92 ,5957434,$136.46 ,$137.26 ,$134.76 
IBM,5/4/22,$137.40 ,5932574,$132.87 ,$137.87 ,$132.14 
IBM,5/3/22,$132.52 ,3688574,$133.00 ,$133.60 ,$131.99 
IBM,5/2/22,$133.04 ,4213477,$133.00 ,$133.77 ,$130.89 
IBM,4/29/22,$132.21 ,5078660,$135.13 ,$135.55 ,$132.00 
IBM,4/28/22,$135.74 ,4477068,$136.85 ,$136.99 ,$134.81 
IBM,4/27/22,$135.06 ,4369052,$135.78 ,$137.12 ,$134.63 
IBM,4/26/22,$136.19 ,4956236,$139.00 ,$139.87 ,$136.17 
IBM,4/25/22,$139.10 ,5748289,$137.59 ,$139.65 ,$135.19 
IBM,4/22/22,$138.25 ,6508599,$139.70 ,$140.44 ,$137.35 
IBM,4/21/22,$139.85 ,9922349,$138.23 ,$141.88 ,$137.35 
IBM,4/20/22,$138.32 ,17859160,$135.00 ,$139.56 ,$133.38 
IBM,4/19/22,$129.15 ,7971361,$126.08 ,$129.40 ,$126.00 
IBM,4/18/22,$126.17 ,4884150,$126.60 ,$127.39 ,$125.53 
IBM,4/14/22,$126.56 ,6384180,$128.93 ,$130.58 ,$126.38 
IBM,4/13/22,$126.14 ,3064918,$125.64 ,$126.67 ,$124.91 
IBM,4/12/22,$125.98 ,2690998,$126.42 ,$127.34 ,$125.58 
IBM,4/11/22,$126.37 ,3202545,$127.95 ,$128.18 ,$126.18 
IBM,4/8/22,$127.73 ,3143309,$128.01 ,$128.78 ,$127.27 
IBM,4/7/22,$128.55 ,3538317,$128.87 ,$129.25 ,$126.73 
IBM,4/6/22,$129.39 ,3958057,$127.78 ,$129.52 ,$127.25 
IBM,4/5/22,$128.89 ,3107181,$129.85 ,$131.23 ,$128.66 
IBM,4/4/22,$130.27 ,2811100,$130.26 ,$130.45 ,$128.93 
IBM,4/1/22,$130.15 ,4012373,$129.66 ,$130.27 ,$128.06 
IBM,3/31/22,$130.02 ,4274029,$130.72 ,$131.88 ,$130.00 
IBM,3/30/22,$132.13 ,2622860,$132.01 ,$133.08 ,$131.39 
IBM,3/29/22,$131.94 ,5791032,$132.04 ,$132.84 ,$130.43 
IBM,3/28/22,$131.47 ,2483492,$130.82 ,$131.50 ,$129.60 
IBM,3/25/22,$131.35 ,3531746,$129.50 ,$131.40 ,$129.31 
IBM,3/24/22,$129.25 ,2971075,$128.33 ,$129.37 ,$127.80 
IBM,3/23/22,$128.30 ,2924535,$129.08 ,$129.32 ,$128.25 
IBM,3/22/22,$129.06 ,2690193,$128.50 ,$129.30 ,$127.85 
IBM,3/21/22,$128.10 ,3384636,$129.00 ,$129.74 ,$127.40 
IBM,3/18/22,$128.76 ,7466026,$127.38 ,$128.93 ,$126.37 
IBM,3/17/22,$127.96 ,3671903,$127.10 ,$128.29 ,$126.53 
IBM,3/16/22,$127.04 ,4292845,$126.50 ,$127.28 ,$124.71 
IBM,3/15/22,$125.64 ,4021228,$124.00 ,$125.94 ,$123.22 
IBM,3/14/22,$123.94 ,3289440,$124.45 ,$125.16 ,$122.69 
IBM,3/11/22,$123.96 ,4119630,$125.00 ,$126.77 ,$123.91 
IBM,3/10/22,$124.35 ,5326835,$125.75 ,$126.03 ,$123.13 
IBM,3/9/22,$126.22 ,4403499,$127.41 ,$128.10 ,$125.91 
IBM,3/8/22,$125.68 ,4887565,$126.62 ,$128.35 ,$124.82 
IBM,3/7/22,$126.07 ,5047358,$126.47 ,$127.91 ,$125.62 
IBM,3/4/22,$126.62 ,4402911,$124.40 ,$127.35 ,$124.21 
IBM,3/3/22,$125.93 ,5206649,$124.96 ,$126.67 ,$124.24 
IBM,3/2/22,$123.86 ,4891435,$122.59 ,$124.64 ,$121.80 
IBM,3/1/22,$121.35 ,4873331,$122.67 ,$123.39 ,$120.70 
IBM,2/28/22,$122.51 ,6757332,$122.21 ,$123.39 ,$121.04 
IBM,2/25/22,$124.18 ,4460904,$122.05 ,$124.26 ,$121.45 
IBM,2/24/22,$121.97 ,6563202,$120.00 ,$122.10 ,$118.81 
IBM,2/23/22,$122.07 ,4086367,$124.38 ,$124.70 ,$121.87 
IBM,2/22/22,$123.92 ,5349687,$124.20 ,$125.00 ,$122.68 
IBM,2/18/22,$124.35 ,4609212,$124.94 ,$125.44 ,$123.61 
IBM,2/17/22,$124.97 ,6796997,$128.05 ,$128.50 ,$124.85 
IBM,2/16/22,$129.18 ,4875612,$129.45 ,$130.44 ,$128.26 
IBM,2/15/22,$129.94 ,4395714,$130.64 ,$131.68 ,$129.61 
IBM,2/14/22,$130.15 ,5345289,$132.59 ,$132.65 ,$129.07 
IBM,2/11/22,$132.69 ,4176155,$133.90 ,$134.71 ,$132.38 
IBM,2/10/22,$133.52 ,5978640,$135.47 ,$136.56 ,$133.17 
IBM,2/9/22,$137.79 ,5393478,$137.84 ,$138.35 ,$136.83 
IBM,2/8/22,$137.02 ,4181825,$137.23 ,$137.52 ,$135.78 
IBM,2/7/22,$137.24 ,3759046,$137.45 ,$137.82 ,$136.27 
IBM,2/4/22,$137.15 ,4142045,$137.86 ,$138.82 ,$136.22 
IBM,2/3/22,$137.78 ,6100777,$137.00 ,$138.76 ,$135.83 
IBM,2/2/22,$137.25 ,5357237,$135.70 ,$137.56 ,$135.26 
IBM,2/1/22,$135.53 ,6206448,$133.76 ,$135.96 ,$132.50 
IBM,1/31/22,$133.57 ,5859043,$134.09 ,$134.09 ,$132.30 
IBM,1/28/22,$134.50 ,5471497,$133.19 ,$134.53 ,$131.79 
IBM,1/27/22,$132.52 ,5499566,$133.66 ,$134.75 ,$132.08 
IBM,1/26/22,$134.26 ,8335992,$136.47 ,$137.07 ,$133.13 
IBM,1/25/22,$136.10 ,19715700,$129.14 ,$137.34 ,$128.30 
IBM,1/24/22,$128.82 ,13777650,$127.99 ,$129.15 ,$124.19 
IBM,1/21/22,$129.35 ,5906950,$131.65 ,$131.87 ,$129.27 
IBM,1/20/22,$130.82 ,5278244,$131.26 ,$132.88 ,$130.57 
IBM,1/19/22,$131.58 ,4103694,$132.90 ,$133.90 ,$131.50 
IBM,1/18/22,$132.94 ,5247453,$132.95 ,$133.89 ,$131.78 
IBM,1/14/22,$134.21 ,5310305,$134.55 ,$135.14 ,$133.30 
IBM,1/13/22,$134.76 ,4868349,$133.90 ,$136.05 ,$133.56 
IBM,1/12/22,$133.59 ,5352014,$133.25 ,$134.47 ,$131.37 
IBM,1/11/22,$132.87 ,11105320,$130.52 ,$133.25 ,$127.97 
IBM,1/10/22,$135.03 ,5432807,$134.47 ,$136.20 ,$133.38 
IBM,1/7/22,$134.83 ,5238099,$134.90 ,$135.66 ,$133.51 
IBM,1/6/22,$135.34 ,9908081,$138.20 ,$138.41 ,$132.51 
IBM,1/5/22,$138.22 ,8956910,$138.31 ,$142.20 ,$137.88 
IBM,1/4/22,$138.02 ,7300011,$136.10 ,$139.95 ,$135.90 
IBM,1/3/22,$136.04 ,4610665,$134.07 ,$136.30 ,$133.63 
IBM,12/31/21,$133.66 ,3362060,$134.00 ,$134.99 ,$133.61 
IBM,12/30/21,$133.91 ,3158111,$133.75 ,$134.37 ,$133.33 
IBM,12/29/21,$133.35 ,4239935,$132.40 ,$134.21 ,$132.30 
IBM,12/28/21,$132.63 ,3447079,$131.60 ,$133.22 ,$131.59 
IBM,12/27/21,$131.62 ,4294499,$130.63 ,$131.65 ,$129.95 
IBM,12/23/21,$130.63 ,3649044,$130.00 ,$130.96 ,$129.52 
IBM,12/22/21,$129.75 ,3923198,$129.06 ,$129.79 ,$127.60 
IBM,12/21/21,$128.97 ,4855972,$127.66 ,$129.34 ,$127.66 
IBM,12/20/21,$127.06 ,4941411,$125.72 ,$127.20 ,$124.70 
IBM,12/17/21,$127.40 ,10382690,$125.87 ,$128.64 ,$125.21 
IBM,12/16/21,$125.93 ,7280537,$123.51 ,$126.64 ,$123.48 
IBM,12/15/21,$123.11 ,4990028,$123.80 ,$124.82 ,$122.18 
IBM,12/14/21,$123.76 ,5716124,$122.35 ,$125.03 ,$122.30 
IBM,12/13/21,$122.58 ,6847468,$123.76 ,$124.36 ,$120.79 
IBM,12/10/21,$124.09 ,4966921,$124.30 ,$125.33 ,$123.36 
IBM,12/9/21,$123.57 ,4601092,$122.15 ,$123.95 ,$121.79 
IBM,12/8/21,$123.02 ,5483948,$122.00 ,$123.38 ,$121.52 
IBM,12/7/21,$121.58 ,5193991,$120.48 ,$122.08 ,$120.07 
IBM,12/6/21,$119.91 ,4785560,$119.40 ,$121.15 ,$119.40 
IBM,12/3/21,$118.84 ,6630139,$117.36 ,$119.36 ,$117.36 
IBM,12/2/21,$116.90 ,5267149,$117.37 ,$117.98 ,$116.56 
IBM,12/1/21,$116.92 ,5959867,$118.25 ,$118.93 ,$116.85 
IBM,11/30/21,$117.10 ,9252701,$117.50 ,$119.24 ,$116.45 
IBM,11/29/21,$118.50 ,8949795,$118.62 ,$119.61 ,$117.53 
IBM,11/26/21,$115.81 ,3322012,$115.00 ,$116.34 ,$114.56 
IBM,11/24/21,$116.73 ,3220802,$116.16 ,$117.27 ,$116.08 
IBM,11/23/21,$116.79 ,4914995,$116.79 ,$117.94 ,$116.04 
IBM,11/22/21,$116.47 ,6417218,$116.00 ,$118.81 ,$115.19 
IBM,11/19/21,$116.05 ,5384548,$116.49 ,$116.56 ,$115.27 
IBM,11/18/21,$116.66 ,5047879,$118.36 ,$118.36 ,$116.31 
IBM,11/17/21,$118.06 ,4043289,$118.38 ,$119.33 ,$117.78 
IBM,11/16/21,$118.46 ,4750760,$118.92 ,$119.90 ,$118.42 
IBM,11/15/21,$118.87 ,5046321,$119.54 ,$120.16 ,$118.31 
IBM,11/12/21,$118.96 ,5418279,$120.00 ,$120.64 ,$118.78 
IBM,11/11/21,$120.27 ,4643257,$120.90 ,$121.79 ,$120.08 
IBM,11/10/21,$120.22 ,6268961,$121.00 ,$122.43 ,$119.93 
IBM,11/9/21,$120.85 ,7236608,$122.56 ,$122.90 ,$120.26 
IBM,11/8/21,$124.54 ,5625275,$123.99 ,$124.78 ,$123.53 
IBM,11/5/21,$123.61 ,6790478,$121.43 ,$123.77 ,$121.43 
IBM,11/4/21,$120.85 ,7208736,$123.05 ,$123.34 ,$119.90 
IBM,11/3/21,$123.05 ,5421406,$122.18 ,$123.20 ,$121.65 
IBM,11/2/21,$122.13 ,4514438,$122.25 ,$123.09 ,$120.90 
IBM,11/1/21,$122.23 ,5905521,$121.04 ,$122.26 ,$119.86 
IBM,10/29/21,$121.09 ,5916789,$121.40 ,$122.27 ,$120.90 
IBM,10/28/21,$121.80 ,6503003,$121.15 ,$122.26 ,$120.62 
IBM,10/27/21,$121.15 ,6973432,$123.35 ,$123.78 ,$121.00 
IBM,10/26/21,$123.05 ,8520872,$123.43 ,$124.18 ,$122.69 
IBM,10/25/21,$123.54 ,6374038,$123.44 ,$124.52 ,$122.87 
IBM,10/22/21,$123.78 ,11582200,$123.94 ,$126.07 ,$122.55 
IBM,10/21/21,$124.21 ,31466530,$129.23 ,$129.43 ,$123.99 
IBM,10/20/21,$137.35 ,6189255,$137.13 ,$137.64 ,$136.18 
IBM,10/19/21,$137.42 ,4339548,$136.55 ,$138.35 ,$136.01 
IBM,10/18/21,$137.75 ,6154055,$139.38 ,$140.29 ,$137.21 
IBM,10/15/21,$139.97 ,3222778,$138.79 ,$140.20 ,$138.21 
IBM,10/14/21,$138.79 ,4217305,$136.51 ,$139.30 ,$136.48 
IBM,10/13/21,$136.24 ,2880747,$136.01 ,$136.87 ,$135.18 
IBM,10/12/21,$135.96 ,3148559,$137.65 ,$137.73 ,$135.80 
IBM,10/11/21,$137.86 ,2793298,$138.89 ,$139.46 ,$137.83 
IBM,10/8/21,$138.62 ,3731279,$137.26 ,$139.04 ,$136.52 
IBM,10/7/21,$137.26 ,3823803,$138.15 ,$138.79 ,$136.99 
IBM,10/6/21,$137.79 ,5328433,$137.91 ,$138.77 ,$136.37 
IBM,10/5/21,$138.56 ,6976648,$140.10 ,$140.35 ,$138.06 
IBM,10/4/21,$139.49 ,7351128,$138.16 ,$141.31 ,$137.78 
IBM,10/1/21,$138.72 ,6604064,$136.47 ,$139.35 ,$135.87 
IBM,9/30/21,$134.47 ,5824431,$135.51 ,$136.06 ,$134.06 
IBM,9/29/21,$134.71 ,3774236,$133.31 ,$135.44 ,$132.06 
IBM,9/28/21,$133.06 ,4314595,$134.70 ,$135.21 ,$132.81 
IBM,9/27/21,$134.11 ,3306865,$133.53 ,$134.60 ,$133.07 
IBM,9/24/21,$133.08 ,2964397,$132.63 ,$134.04 ,$132.36 
IBM,9/23/21,$132.34 ,3013238,$130.91 ,$133.01 ,$130.70 
IBM,9/22/21,$130.31 ,3602416,$129.43 ,$131.03 ,$129.19 
IBM,9/21/21,$128.70 ,4074528,$130.77 ,$131.30 ,$128.67 
IBM,9/20/21,$130.00 ,4770651,$129.60 ,$130.84 ,$128.52 
IBM,9/17/21,$130.89 ,5633480,$131.39 ,$131.56 ,$130.72 
IBM,9/16/21,$132.05 ,2643975,$132.87 ,$133.52 ,$131.35 
IBM,9/15/21,$132.80 ,3254122,$131.85 ,$133.38 ,$131.32 
IBM,9/14/21,$131.85 ,4454291,$133.96 ,$134.12 ,$131.00 
IBM,9/13/21,$133.72 ,4144345,$133.96 ,$134.53 ,$133.10 
IBM,9/10/21,$132.62 ,3975115,$134.36 ,$134.90 ,$132.60 
IBM,9/9/21,$133.32 ,3508363,$133.43 ,$134.50 ,$133.14 
IBM,9/8/21,$134.22 ,2985409,$133.71 ,$134.63 ,$133.18 
IBM,9/7/21,$133.63 ,3285363,$135.17 ,$135.30 ,$133.34 
IBM,9/3/21,$135.10 ,1924215,$135.20 ,$135.96 ,$134.83 
IBM,9/2/21,$135.52 ,2715659,$135.24 ,$135.56 ,$134.57 
IBM,9/1/21,$134.83 ,2474544,$135.49 ,$135.57 ,$134.72 
IBM,8/31/21,$135.84 ,4235101,$135.06 ,$136.42 ,$134.49 
IBM,8/30/21,$134.51 ,1995526,$135.02 ,$135.39 ,$134.36 
IBM,8/27/21,$134.94 ,2459643,$134.26 ,$135.11 ,$133.96 
IBM,8/26/21,$134.33 ,2498915,$135.48 ,$136.28 ,$134.26 
IBM,8/25/21,$135.37 ,2012817,$135.43 ,$136.28 ,$134.98 
IBM,8/24/21,$135.35 ,2365638,$135.29 ,$135.73 ,$134.85 
IBM,8/23/21,$135.14 ,3039587,$135.14 ,$135.65 ,$134.35 
IBM,8/20/21,$134.65 ,2657763,$133.32 ,$134.91 ,$132.86 
IBM,8/19/21,$133.59 ,4160129,$134.24 ,$134.97 ,$132.81 
IBM,8/18/21,$134.99 ,3510694,$137.12 ,$137.36 ,$134.92 
IBM,8/17/21,$137.85 ,3074078,$138.41 ,$138.57 ,$136.56 
IBM,8/16/21,$138.98 ,2786343,$138.63 ,$139.13 ,$137.67 
IBM,8/13/21,$138.58 ,1910443,$138.06 ,$138.97 ,$137.87 
IBM,8/12/21,$138.48 ,2089418,$137.69 ,$138.56 ,$137.52 
IBM,8/11/21,$137.57 ,4259952,$137.23 ,$138.19 ,$136.96 
IBM,8/10/21,$136.84 ,5299869,$136.68 ,$137.26 ,$135.84 
IBM,8/9/21,$136.72 ,4904065,$137.64 ,$137.92 ,$136.45 
IBM,8/6/21,$139.47 ,3826835,$138.41 ,$139.76 ,$138.30 
IBM,8/5/21,$138.19 ,2757389,$138.44 ,$138.81 ,$137.66 
IBM,8/4/21,$138.18 ,2830079,$139.19 ,$139.55 ,$137.90 
IBM,8/3/21,$139.45 ,4084724,$137.35 ,$140.06 ,$137.10 
IBM,8/2/21,$136.88 ,2929540,$136.91 ,$138.47 ,$136.50 
IBM,7/30/21,$136.44 ,3535555,$136.98 ,$137.30 ,$136.27 
IBM,7/29/21,$137.38 ,2670873,$137.76 ,$138.37 ,$137.06 
IBM,7/28/21,$137.22 ,2544099,$138.42 ,$138.51 ,$137.09 
IBM,7/27/21,$138.17 ,3137027,$137.96 ,$139.03 ,$137.06 
IBM,7/26/21,$138.19 ,4246266,$136.85 ,$138.41 ,$136.60 
IBM,7/23/21,$136.80 ,4474157,$136.44 ,$137.15 ,$135.83 
IBM,7/22/21,$136.19 ,3314153,$137.11 ,$137.26 ,$135.90 
IBM,7/21/21,$136.77 ,4803977,$135.48 ,$136.85 ,$135.17 
IBM,7/20/21,$135.48 ,13611680,$138.41 ,$140.27 ,$134.25 
IBM,7/19/21,$133.49 ,8582302,$132.07 ,$134.05 ,$131.84 
IBM,7/16/21,$134.44 ,4109308,$136.47 ,$136.47 ,$134.14 
IBM,7/15/21,$135.94 ,3639698,$134.85 ,$135.95 ,$134.35 
IBM,7/14/21,$135.33 ,4403752,$136.20 ,$136.23 ,$134.47 
IBM,7/13/21,$135.78 ,3164294,$136.40 ,$136.40 ,$135.15 
IBM,7/12/21,$136.40 ,3342627,$136.89 ,$137.40 ,$135.62 
IBM,7/9/21,$136.98 ,3904059,$136.91 ,$137.42 ,$136.32 
IBM,7/8/21,$136.22 ,5487425,$133.36 ,$136.77 ,$133.24 
IBM,7/7/21,$135.33 ,4059667,$134.31 ,$135.83 ,$134.31 
IBM,7/6/21,$134.33 ,8093747,$135.50 ,$135.91 ,$132.70 
IBM,7/2/21,$135.53 ,16828160,$142.20 ,$142.23 ,$134.98 
IBM,7/1/21,$142.13 ,2686289,$142.24 ,$142.77 ,$141.87 
IBM,6/30/21,$141.89 ,3245091,$140.47 ,$142.21 ,$140.07 
IBM,6/29/21,$140.88 ,2428626,$140.60 ,$142.03 ,$140.44 
IBM,6/28/21,$140.63 ,3888869,$142.29 ,$142.57 ,$140.26 
IBM,6/25/21,$142.13 ,3594218,$140.71 ,$142.21 ,$140.29 
IBM,6/24/21,$140.77 ,3609679,$141.12 ,$141.50 ,$140.05 
IBM,6/23/21,$139.97 ,3202644,$141.73 ,$141.80 ,$139.93 
IBM,6/22/21,$141.66 ,2437121,$141.82 ,$142.10 ,$140.69 
IBM,6/21/21,$141.94 ,4285711,$139.49 ,$142.35 ,$139.44 
IBM,6/18/21,$138.53 ,9156505,$139.84 ,$140.04 ,$138.45 
IBM,6/17/21,$140.93 ,4367387,$142.81 ,$143.31 ,$140.62 
IBM,6/16/21,$143.09 ,3879185,$144.95 ,$144.95 ,$142.50 
IBM,6/15/21,$144.57 ,2513281,$145.04 ,$145.10 ,$143.83 
IBM,6/14/21,$145.22 ,3344845,$145.87 ,$146.18 ,$143.88 
IBM,6/11/21,$146.43 ,3438255,$145.60 ,$146.97 ,$145.54 
IBM,6/10/21,$145.71 ,4758488,$146.61 ,$147.93 ,$144.95 
IBM,6/9/21,$145.83 ,5303252,$144.25 ,$146.22 ,$144.04 
IBM,6/8/21,$144.29 ,5080099,$143.37 ,$145.38 ,$143.37 
IBM,6/7/21,$143.27 ,3462712,$142.81 ,$143.97 ,$142.45 
IBM,6/4/21,$142.69 ,3117905,$141.31 ,$142.81 ,$141.08 
IBM,6/3/21,$140.88 ,4130741,$140.26 ,$141.20 ,$139.42 
IBM,6/2/21,$141.04 ,2786916,$139.98 ,$141.07 ,$139.49 
IBM,6/1/21,$139.56 ,2417455,$140.35 ,$141.15 ,$139.14 
IBM,5/28/21,$139.13 ,2534811,$139.58 ,$139.70 ,$138.88 
IBM,5/27/21,$139.20 ,5630345,$139.20 ,$140.12 ,$139.02 
IBM,5/26/21,$138.78 ,3083789,$138.89 ,$139.37 ,$138.45 
IBM,5/25/21,$139.18 ,3937323,$140.27 ,$140.35 ,$138.60 
IBM,5/24/21,$140.08 ,3297570,$140.40 ,$140.72 ,$139.55 
IBM,5/21/21,$140.09 ,4033482,$139.65 ,$141.02 ,$139.65 
IBM,5/20/21,$139.26 ,4112690,$138.53 ,$140.26 ,$137.60 
IBM,5/19/21,$138.59 ,4300732,$137.75 ,$138.60 ,$136.40 
IBM,5/18/21,$139.29 ,3824050,$140.13 ,$140.64 ,$138.63 
IBM,5/17/21,$140.45 ,4275014,$139.80 ,$141.12 ,$139.70 
IBM,5/14/21,$140.04 ,2747385,$140.45 ,$141.01 ,$139.34 
IBM,5/13/21,$139.54 ,4598920,$136.91 ,$140.25 ,$136.75 
IBM,5/12/21,$136.77 ,5959579,$139.22 ,$139.52 ,$136.61 
IBM,5/11/21,$139.59 ,7126404,$140.34 ,$140.53 ,$138.31 
IBM,5/10/21,$141.48 ,6983377,$141.12 ,$143.62 ,$141.12 
IBM,5/7/21,$140.79 ,7003467,$141.24 ,$141.45 ,$139.93 
IBM,5/6/21,$143.66 ,7503487,$140.60 ,$143.75 ,$140.52 
IBM,5/5/21,$140.56 ,3622786,$141.26 ,$141.31 ,$139.73 
IBM,5/4/21,$141.07 ,6350479,$139.78 ,$141.89 ,$139.70 
IBM,5/3/21,$140.10 ,5733463,$139.19 ,$141.07 ,$138.94 
IBM,4/30/21,$137.33 ,8872181,$139.09 ,$139.21 ,$136.04 
IBM,4/29/21,$139.61 ,4353880,$139.50 ,$143.97 ,$138.39 
IBM,4/28/21,$138.41 ,3768129,$138.33 ,$138.80 ,$137.54 
IBM,4/27/21,$137.45 ,3884037,$137.14 ,$137.98 ,$136.23 
IBM,4/26/21,$137.03 ,4710763,$137.85 ,$139.02 ,$136.94 
IBM,4/23/21,$137.86 ,4556700,$136.77 ,$139.00 ,$136.43 
IBM,4/22/21,$136.75 ,7101368,$139.09 ,$140.09 ,$136.47 
IBM,4/21/21,$138.94 ,11909010,$133.63 ,$139.12 ,$133.29 
IBM,4/20/21,$133.73 ,15480580,$132.67 ,$135.28 ,$132.31 
IBM,4/19/21,$128.85 ,8198582,$129.31 ,$129.52 ,$128.33 
IBM,4/16/21,$129.30 ,5291756,$128.73 ,$129.80 ,$128.68 
IBM,4/15/21,$128.33 ,3883955,$129.00 ,$129.57 ,$127.98 
IBM,4/14/21,$128.37 ,5868049,$127.09 ,$128.52 ,$126.33 
IBM,4/13/21,$126.97 ,8033530,$128.73 ,$129.33 ,$126.20 
IBM,4/12/21,$130.27 ,3753959,$130.69 ,$131.03 ,$129.55 
IBM,4/9/21,$131.37 ,3023916,$130.54 ,$131.38 ,$130.39 
IBM,4/8/21,$130.78 ,4087228,$130.25 ,$131.28 ,$129.85 
IBM,4/7/21,$130.60 ,2976136,$129.54 ,$130.61 ,$129.49 
IBM,4/6/21,$129.91 ,3620964,$131.23 ,$131.29 ,$129.79 
IBM,4/5/21,$131.57 ,5471616,$129.35 ,$132.30 ,$129.12 
IBM,4/1/21,$128.95 ,4074161,$129.47 ,$129.63 ,$128.03 
IBM,3/31/21,$128.98 ,4945315,$130.22 ,$130.39 ,$128.45 
IBM,3/30/21,$130.40 ,4790366,$131.50 ,$131.90 ,$129.72 
IBM,3/29/21,$131.50 ,4622664,$131.62 ,$132.67 ,$131.16 
IBM,3/26/21,$132.00 ,5567592,$129.01 ,$132.10 ,$128.85 
IBM,3/25/21,$128.80 ,5553966,$126.15 ,$128.96 ,$125.61 
IBM,3/24/21,$126.43 ,4005027,$126.75 ,$127.87 ,$126.38 
IBM,3/23/21,$126.27 ,4356359,$126.25 ,$127.34 ,$125.63 
IBM,3/22/21,$126.36 ,4164914,$124.38 ,$126.52 ,$123.79 
IBM,3/19/21,$124.76 ,9844983,$125.85 ,$126.25 ,$124.41 
IBM,3/18/21,$125.89 ,5835669,$124.80 ,$126.79 ,$123.69 
IBM,3/17/21,$124.89 ,4291351,$124.34 ,$125.33 ,$123.40 
IBM,3/16/21,$124.12 ,4653178,$124.16 ,$124.40 ,$123.25 
IBM,3/15/21,$124.45 ,3421281,$123.67 ,$124.62 ,$123.45 
IBM,3/12/21,$123.51 ,4010100,$123.11 ,$123.58 ,$122.55 
IBM,3/11/21,$123.06 ,5146937,$123.98 ,$124.51 ,$122.71 
IBM,3/10/21,$123.77 ,7247807,$121.04 ,$124.12 ,$120.61 
IBM,3/9/21,$120.19 ,5609029,$121.38 ,$122.37 ,$120.18 
IBM,3/8/21,$120.80 ,7239191,$119.04 ,$122.78 ,$118.94 
IBM,3/5/21,$118.89 ,6949265,$116.77 ,$119.78 ,$116.39 
IBM,3/4/21,$116.26 ,8068492,$118.08 ,$119.27 ,$114.94 
IBM,3/3/21,$118.43 ,7404269,$116.63 ,$118.70 ,$116.13 
IBM,3/2/21,$116.47 ,4524299,$116.87 ,$117.99 ,$116.40 
IBM,3/1/21,$116.87 ,5715767,$116.49 ,$118.39 ,$116.02 
IBM,2/26/21,$115.11 ,9050990,$118.33 ,$118.33 ,$115.06 
IBM,2/25/21,$118.54 ,5691830,$119.41 ,$120.36 ,$118.41 
IBM,2/24/21,$119.26 ,5819983,$116.92 ,$119.53 ,$116.65 
IBM,2/23/21,$116.84 ,4531464,$117.04 ,$117.46 ,$115.96 
IBM,2/22/21,$116.98 ,5879249,$114.70 ,$117.24 ,$114.64 
IBM,2/19/21,$115.17 ,6578741,$116.87 ,$116.88 ,$114.58 
IBM,2/18/21,$116.86 ,5399145,$116.63 ,$117.06 ,$115.86 
IBM,2/17/21,$116.12 ,3975906,$115.44 ,$116.69 ,$115.20 
IBM,2/16/21,$116.22 ,6639790,$116.29 ,$116.73 ,$115.53 
IBM,2/12/21,$116.92 ,3871195,$117.12 ,$117.47 ,$116.24 
IBM,2/11/21,$117.03 ,5381556,$118.08 ,$118.28 ,$116.76 
IBM,2/10/21,$118.32 ,4866765,$119.08 ,$119.45 ,$117.32 
IBM,2/9/21,$118.18 ,4717014,$117.99 ,$118.66 ,$117.17 
IBM,2/8/21,$119.64 ,5887999,$118.68 ,$120.00 ,$118.47 
IBM,2/5/21,$117.88 ,4565727,$117.12 ,$117.90 ,$116.65 
IBM,2/4/21,$117.14 ,4562124,$116.06 ,$117.21 ,$115.06 
IBM,2/3/21,$115.30 ,6715366,$115.22 ,$115.96 ,$114.33 
IBM,2/2/21,$115.61 ,6341883,$115.53 ,$117.12 ,$115.45 
IBM,2/1/21,$116.67 ,6250508,$116.05 ,$117.07 ,$114.92 
IBM,1/29/21,$115.29 ,11825500,$116.36 ,$117.41 ,$115.08 
IBM,1/28/21,$116.23 ,8084051,$118.86 ,$119.25 ,$116.22 
IBM,1/27/21,$118.54 ,12146540,$118.16 ,$120.79 ,$117.72 
IBM,1/26/21,$118.56 ,10694710,$115.36 ,$118.66 ,$114.62 
IBM,1/25/21,$114.77 ,13686390,$114.95 ,$115.70 ,$113.68 
IBM,1/22/21,$114.80 ,38063530,$116.83 ,$116.83 ,$113.59 
IBM,1/21/21,$127.42 ,12819230,$125.94 ,$128.00 ,$125.88 
IBM,1/20/21,$125.91 ,5598705,$125.54 ,$126.85 ,$124.43 
IBM,1/19/21,$124.88 ,5397956,$125.13 ,$125.43 ,$123.98 
IBM,1/15/21,$124.27 ,4905506,$124.16 ,$125.09 ,$123.57 
IBM,1/14/21,$124.83 ,7503180,$123.91 ,$125.98 ,$123.46 
IBM,1/13/21,$122.85 ,7677739,$125.01 ,$125.59 ,$122.40 
IBM,1/12/21,$125.06 ,3749213,$124.95 ,$125.68 ,$123.83 
IBM,1/11/21,$124.45 ,5602466,$123.84 ,$125.51 ,$123.56 
IBM,1/8/21,$124.41 ,4676487,$124.44 ,$125.17 ,$122.90 
IBM,1/7/21,$124.85 ,4507382,$125.87 ,$126.27 ,$124.14 
IBM,1/6/21,$125.14 ,7956740,$122.83 ,$127.65 ,$122.65 
IBM,1/5/21,$122.09 ,6114619,$121.00 ,$122.61 ,$120.61 
IBM,1/4/21,$119.96 ,5179161,$121.81 ,$121.88 ,$119.09 
IBM,12/31/20,$121.84 ,3574696,$120.23 ,$121.99 ,$120.01 
IBM,12/30/20,$120.35 ,3380494,$119.83 ,$120.84 ,$119.66 
IBM,12/29/20,$119.83 ,3487007,$121.33 ,$121.45 ,$119.28 
IBM,12/28/20,$120.81 ,3615222,$121.09 ,$122.54 ,$120.47 
IBM,12/24/20,$120.69 ,1761122,$120.99 ,$121.09 ,$120.22 
IBM,12/23/20,$119.92 ,2693889,$119.90 ,$121.19 ,$119.77 
IBM,12/22/20,$119.64 ,4337757,$119.35 ,$120.23 ,$118.48 
IBM,12/21/20,$119.43 ,6115671,$119.99 ,$120.19 ,$117.81 
IBM,12/18/20,$121.81 ,7552845,$121.56 ,$122.34 ,$120.96 
IBM,12/17/20,$121.52 ,3787962,$122.03 ,$122.04 ,$120.90 
IBM,12/16/20,$121.52 ,4530096,$121.89 ,$122.51 ,$121.27 
IBM,12/15/20,$121.89 ,4359601,$120.40 ,$121.89 ,$119.48 
IBM,12/14/20,$119.57 ,5050023,$121.30 ,$122.19 ,$119.51 
IBM,12/11/20,$120.28 ,4481416,$120.10 ,$121.48 ,$119.64 
IBM,12/10/20,$120.95 ,4803172,$122.30 ,$122.86 ,$120.93 
IBM,12/9/20,$122.72 ,6513517,$121.76 ,$123.59 ,$121.67 
IBM,12/8/20,$121.68 ,5395024,$121.30 ,$122.28 ,$120.64 
IBM,12/7/20,$120.70 ,8318500,$122.43 ,$122.90 ,$120.57 
IBM,12/4/20,$123.12 ,5522760,$119.99 ,$123.29 ,$119.67 
IBM,12/3/20,$119.64 ,4548161,$120.18 ,$120.85 ,$119.33 
IBM,12/2/20,$120.62 ,3690737,$118.91 ,$120.64 ,$118.48 
IBM,12/1/20,$119.21 ,5312057,$119.92 ,$121.79 ,$119.13 
IBM,11/30/20,$119.56 ,5987991,$120.12 ,$120.99 ,$119.14 
IBM,11/27/20,$120.36 ,2091186,$120.21 ,$121.29 ,$119.93 
IBM,11/25/20,$120.21 ,4135894,$118.98 ,$120.34 ,$118.19 
IBM,11/24/20,$120.43 ,7759006,$116.98 ,$120.73 ,$116.93 
IBM,11/23/20,$116.24 ,5655119,$113.66 ,$116.65 ,$113.51 
IBM,11/20/20,$113.19 ,5024593,$113.83 ,$114.25 ,$112.95 
IBM,11/19/20,$113.42 ,3439648,$112.80 ,$113.68 ,$112.17 
IBM,11/18/20,$113.02 ,4606828,$113.94 ,$115.06 ,$113.00 
IBM,11/17/20,$113.92 ,4134455,$113.83 ,$114.74 ,$113.31 
IBM,11/16/20,$114.56 ,5293385,$114.50 ,$114.75 ,$113.36 
IBM,11/13/20,$113.10 ,4683512,$111.49 ,$113.60 ,$111.32 
IBM,11/12/20,$110.83 ,6500799,$111.92 ,$112.64 ,$109.84 
IBM,11/11/20,$113.44 ,4289601,$114.33 ,$114.55 ,$112.49 
IBM,11/10/20,$114.13 ,5622756,$112.95 ,$114.38 ,$112.52 
IBM,11/9/20,$111.82 ,8992152,$114.10 ,$115.90 ,$111.57 
IBM,11/6/20,$110.38 ,5249171,$111.39 ,$111.41 ,$109.75 
IBM,11/5/20,$111.09 ,4902206,$109.66 ,$111.59 ,$109.38 
IBM,11/4/20,$108.31 ,5800071,$108.73 ,$110.25 ,$107.59 
IBM,11/3/20,$110.50 ,4204287,$110.34 ,$111.94 ,$109.98 
IBM,11/2/20,$109.29 ,5311497,$109.03 ,$110.17 ,$108.65 
IBM,10/30/20,$108.08 ,7923882,$104.44 ,$108.21 ,$104.29 
IBM,10/29/20,$105.41 ,6760241,$103.81 ,$106.12 ,$103.13 
IBM,10/28/20,$103.23 ,9427321,$105.17 ,$106.21 ,$102.52 
IBM,10/27/20,$107.01 ,5936106,$108.55 ,$108.62 ,$106.50 
IBM,10/26/20,$108.62 ,7203366,$110.78 ,$111.21 ,$108.25 
IBM,10/23/20,$112.28 ,3893362,$112.76 ,$112.88 ,$111.82 
IBM,10/22/20,$112.04 ,7858158,$111.31 ,$112.34 ,$109.35 
IBM,10/21/20,$111.37 ,9755308,$112.92 ,$113.91 ,$111.11 
IBM,10/20/20,$113.60 ,21501070,$115.96 ,$116.29 ,$113.09 
IBM,10/19/20,$121.49 ,7478735,$122.73 ,$123.26 ,$121.07 
IBM,10/16/20,$121.89 ,4714320,$121.15 ,$122.37 ,$120.65 
IBM,10/15/20,$120.88 ,3389301,$120.10 ,$121.20 ,$119.88 
IBM,10/14/20,$121.90 ,3730139,$121.11 ,$122.87 ,$121.11 
IBM,10/13/20,$121.09 ,5406088,$122.51 ,$123.07 ,$120.47 
IBM,10/12/20,$123.13 ,4635115,$123.96 ,$124.13 ,$122.38 
IBM,10/9/20,$123.69 ,8353704,$127.76 ,$127.76 ,$123.50 
IBM,10/8/20,$127.27 ,25288930,$126.66 ,$131.15 ,$125.61 
IBM,10/7/20,$120.09 ,2815663,$118.73 ,$120.40 ,$118.39 
IBM,10/6/20,$118.06 ,3872265,$118.65 ,$120.82 ,$117.69 
IBM,10/5/20,$118.09 ,3050949,$117.93 ,$118.81 ,$117.17 
IBM,10/2/20,$116.70 ,2925228,$115.22 ,$117.84 ,$115.01 
IBM,10/1/20,$117.20 ,3211661,$118.43 ,$119.34 ,$116.49 
IBM,9/30/20,$117.77 ,3261235,$117.48 ,$118.97 ,$116.92 
IBM,9/29/20,$117.06 ,2130564,$117.51 ,$118.26 ,$116.35 
IBM,9/28/20,$117.82 ,3509576,$116.70 ,$118.40 ,$116.55 
IBM,9/25/20,$115.13 ,2953686,$113.83 ,$115.58 ,$113.19 
IBM,9/24/20,$114.30 ,3546160,$114.31 ,$115.68 ,$112.74 
IBM,9/23/20,$115.02 ,3939398,$116.92 ,$117.69 ,$114.63 
IBM,9/22/20,$116.64 ,2957809,$116.47 ,$117.55 ,$115.69 
IBM,9/21/20,$116.39 ,5311441,$116.61 ,$116.83 ,$114.77 
IBM,9/18/20,$118.82 ,5391570,$120.27 ,$120.91 ,$118.71 
IBM,9/17/20,$120.91 ,3171262,$118.68 ,$121.52 ,$118.06 
IBM,9/16/20,$120.23 ,3789458,$118.77 ,$121.78 ,$118.77 
IBM,9/15/20,$118.51 ,2915221,$118.88 ,$119.44 ,$118.32 
IBM,9/14/20,$118.17 ,3641887,$118.43 ,$119.42 ,$117.85 
IBM,9/11/20,$117.56 ,3548091,$117.49 ,$118.76 ,$116.86 
IBM,9/10/20,$116.69 ,3978805,$118.60 ,$119.61 ,$116.38 
IBM,9/9/20,$118.34 ,3770678,$118.21 ,$119.73 ,$117.40 
IBM,9/8/20,$117.32 ,5210292,$118.24 ,$118.93 ,$116.84 
IBM,9/4/20,$118.38 ,6018238,$120.36 ,$121.33 ,$117.35 
IBM,9/3/20,$120.46 ,5716750,$124.08 ,$125.78 ,$119.68 
IBM,9/2/20,$124.07 ,6592430,$119.75 ,$124.57 ,$119.61 
IBM,9/1/20,$119.44 ,3155623,$118.91 ,$119.97 ,$118.23 
IBM,8/31/20,$119.35 ,4827879,$121.23 ,$121.23 ,$119.08 
IBM,8/28/20,$121.06 ,3099940,$120.95 ,$121.28 ,$120.23 
IBM,8/27/20,$120.65 ,3422654,$120.60 ,$121.09 ,$120.00 
IBM,8/26/20,$120.19 ,3388687,$120.94 ,$121.10 ,$119.97 
IBM,8/25/20,$120.64 ,2977697,$121.96 ,$122.75 ,$120.49 
IBM,8/24/20,$121.65 ,4070816,$119.82 ,$122.01 ,$119.40 
IBM,8/21/20,$119.21 ,3385051,$119.06 ,$119.52 ,$118.38 
IBM,8/20/20,$119.20 ,2561164,$119.25 ,$120.06 ,$118.87 
IBM,8/19/20,$119.87 ,3743949,$120.82 ,$121.47 ,$119.54 
IBM,8/18/20,$120.91 ,2882355,$120.99 ,$121.47 ,$120.25 
IBM,8/17/20,$120.45 ,3360064,$121.23 ,$121.56 ,$120.42 
IBM,8/14/20,$121.25 ,2963753,$120.21 ,$121.53 ,$119.93 
IBM,8/13/20,$121.02 ,3171258,$121.92 ,$122.33 ,$120.77 
IBM,8/12/20,$122.63 ,3530177,$123.51 ,$123.69 ,$121.84 
IBM,8/11/20,$122.68 ,5001176,$124.63 ,$126.28 ,$122.55 
IBM,8/10/20,$123.03 ,3968295,$121.39 ,$123.16 ,$121.17 
IBM,8/7/20,$120.95 ,3651226,$119.54 ,$121.06 ,$119.26 
IBM,8/6/20,$122.07 ,3417131,$120.99 ,$122.21 ,$120.99 
IBM,8/5/20,$121.42 ,3675400,$122.66 ,$122.68 ,$120.61 
IBM,8/4/20,$121.80 ,3431366,$119.85 ,$121.82 ,$119.85 
IBM,8/3/20,$120.32 ,3526574,$119.54 ,$120.42 ,$118.23 
IBM,7/31/20,$118.99 ,5277652,$118.77 ,$119.04 ,$117.20 
IBM,7/30/20,$118.96 ,3988062,$119.74 ,$119.93 ,$117.74 
IBM,7/29/20,$121.30 ,2833141,$120.56 ,$121.95 ,$120.09 
IBM,7/28/20,$120.48 ,4178176,$121.78 ,$122.29 ,$120.17 
IBM,7/27/20,$122.16 ,3733547,$120.85 ,$122.27 ,$120.71 
IBM,7/24/20,$121.75 ,3531076,$122.42 ,$123.55 ,$121.47 
IBM,7/23/20,$123.24 ,4220136,$124.96 ,$125.22 ,$123.07 
IBM,7/22/20,$124.54 ,8195366,$121.86 ,$125.31 ,$121.76 
IBM,7/21/20,$122.01 ,15364950,$126.95 ,$127.93 ,$121.76 
IBM,7/20/20,$122.31 ,9927668,$122.02 ,$122.99 ,$121.12 
IBM,7/17/20,$121.09 ,3988460,$120.40 ,$121.60 ,$119.25 
IBM,7/16/20,$120.03 ,4330917,$118.74 ,$120.49 ,$118.24 
IBM,7/15/20,$119.05 ,4473400,$118.47 ,$119.98 ,$118.23 
IBM,7/14/20,$116.73 ,4534397,$114.81 ,$117.01 ,$114.14 
IBM,7/13/20,$115.37 ,4650651,$115.94 ,$117.11 ,$114.85 
IBM,7/10/20,$114.55 ,4285705,$111.79 ,$114.76 ,$111.59 
IBM,7/9/20,$112.00 ,4762991,$114.21 ,$114.21 ,$111.50 
IBM,7/8/20,$113.93 ,5192806,$114.27 ,$114.83 ,$112.74 
IBM,7/7/20,$113.81 ,4278307,$115.18 ,$115.67 ,$113.56 
IBM,7/6/20,$116.33 ,4045439,$117.36 ,$117.94 ,$115.63 
IBM,7/2/20,$115.86 ,3746958,$115.85 ,$117.52 ,$115.43 
IBM,7/1/20,$114.74 ,4655765,$116.41 ,$117.33 ,$114.57 
IBM,6/30/20,$116.89 ,3919469,$115.36 ,$117.31 ,$115.18 
IBM,6/29/20,$115.91 ,4159488,$114.19 ,$115.94 ,$113.60 
IBM,6/26/20,$113.43 ,10750110,$114.46 ,$115.17 ,$112.53 
IBM,6/25/20,$115.21 ,6130626,$113.01 ,$115.38 ,$112.37 
IBM,6/24/20,$112.68 ,6750990,$114.52 ,$114.52 ,$112.16 
IBM,6/23/20,$115.58 ,6632605,$118.09 ,$118.96 ,$115.40 
IBM,6/22/20,$117.18 ,4773499,$118.20 ,$118.57 ,$116.66 
IBM,6/19/20,$118.54 ,8092354,$122.12 ,$122.75 ,$118.33 
IBM,6/18/20,$120.18 ,2865362,$119.05 ,$120.41 ,$118.40 
IBM,6/17/20,$120.17 ,3156836,$121.79 ,$122.20 ,$119.44 
IBM,6/16/20,$121.13 ,5609087,$120.99 ,$123.41 ,$119.21 
IBM,6/15/20,$117.75 ,5151240,$115.36 ,$118.44 ,$114.49 
IBM,6/12/20,$118.00 ,6220327,$117.36 ,$119.17 ,$115.45 
IBM,6/11/20,$114.22 ,11763630,$121.99 ,$122.05 ,$114.05 
IBM,6/10/20,$125.70 ,4734835,$127.91 ,$127.99 ,$125.63 
IBM,6/9/20,$127.64 ,5393644,$129.23 ,$129.31 ,$126.82 
IBM,6/8/20,$131.39 ,5370469,$128.03 ,$131.52 ,$128.03 
IBM,6/5/20,$127.82 ,5892960,$129.59 ,$129.92 ,$127.52 
IBM,6/4/20,$124.75 ,3864785,$123.68 ,$124.81 ,$122.94 
IBM,6/3/20,$124.91 ,3917746,$123.07 ,$125.44 ,$122.92 
IBM,6/2/20,$121.96 ,2978056,$121.64 ,$121.96 ,$120.66 
IBM,6/1/20,$120.88 ,2883294,$120.64 ,$121.71 ,$120.05 
IBM,5/29/20,$120.89 ,7930467,$119.70 ,$121.11 ,$118.32 
IBM,5/28/20,$120.53 ,3916377,$122.80 ,$122.90 ,$120.23 
IBM,5/27/20,$121.51 ,5727496,$119.96 ,$121.79 ,$119.51 
IBM,5/26/20,$117.85 ,5469282,$117.41 ,$118.68 ,$117.13 
IBM,5/22/20,$114.59 ,4180771,$115.54 ,$115.63 ,$113.82 
IBM,5/21/20,$115.30 ,4000863,$117.11 ,$117.81 ,$115.15 
IBM,5/20/20,$117.48 ,3840858,$117.05 ,$118.54 ,$116.73 
IBM,5/19/20,$116.43 ,3241117,$117.30 ,$118.25 ,$116.28 
IBM,5/18/20,$117.66 ,4207593,$116.03 ,$118.43 ,$115.91 
IBM,5/15/20,$113.23 ,4786330,$112.21 ,$113.62 ,$111.55 
IBM,5/14/20,$113.20 ,5259373,$110.89 ,$113.33 ,$108.22 
IBM,5/13/20,$112.02 ,5882813,$116.10 ,$116.14 ,$111.16 
IBM,5/12/20,$116.40 ,4784457,$119.06 ,$120.33 ,$116.40 
IBM,5/11/20,$118.66 ,3535276,$117.90 ,$119.49 ,$116.80 
IBM,5/8/20,$119.04 ,5003939,$118.73 ,$119.28 ,$117.17 
IBM,5/7/20,$117.34 ,4414328,$119.03 ,$119.30 ,$116.97 
IBM,5/6/20,$119.22 ,3864589,$119.28 ,$120.07 ,$118.48 
IBM,5/5/20,$118.65 ,3899416,$119.43 ,$120.33 ,$118.54 
IBM,5/4/20,$117.77 ,4017877,$116.94 ,$118.06 ,$115.56 
IBM,5/1/20,$117.96 ,4925535,$119.24 ,$119.51 ,$117.49 
IBM,4/30/20,$121.53 ,6635783,$122.46 ,$123.19 ,$121.20 
IBM,4/29/20,$124.56 ,5257579,$124.74 ,$125.16 ,$123.44 
IBM,4/28/20,$122.22 ,4778144,$123.92 ,$124.09 ,$121.36 
IBM,4/27/20,$121.88 ,4923806,$121.53 ,$122.91 ,$121.44 
IBM,4/24/20,$120.72 ,4987346,$118.48 ,$120.99 ,$116.89 
IBM,4/23/20,$117.46 ,6881615,$115.73 ,$119.08 ,$115.30 
IBM,4/22/20,$115.48 ,7087869,$116.02 ,$116.47 ,$113.78 
IBM,4/21/20,$113.01 ,14349030,$110.34 ,$113.39 ,$108.46 
IBM,4/20/20,$116.55 ,8181736,$115.33 ,$118.92 ,$114.35 
IBM,4/17/20,$116.27 ,4965992,$115.47 ,$116.53 ,$114.14 
IBM,4/16/20,$112.02 ,6457556,$115.19 ,$115.91 ,$110.75 
IBM,4/15/20,$114.88 ,5637341,$115.30 ,$116.33 ,$113.01 
IBM,4/14/20,$119.93 ,5088660,$119.50 ,$121.16 ,$118.68 
IBM,4/13/20,$117.26 ,5119713,$117.73 ,$117.89 ,$114.25 
IBM,4/9/20,$117.60 ,5576815,$116.61 ,$118.98 ,$116.31 
IBM,4/8/20,$115.46 ,5158641,$112.58 ,$116.11 ,$111.38 
IBM,4/7/20,$111.25 ,5595329,$114.99 ,$115.73 ,$111.18 
IBM,4/6/20,$111.14 ,7034193,$106.81 ,$111.92 ,$106.60 
IBM,4/3/20,$102.93 ,4538750,$105.42 ,$106.54 ,$101.55 
IBM,4/2/20,$106.47 ,6328674,$101.99 ,$106.78 ,$101.77 
IBM,4/1/20,$101.77 ,6112947,$102.95 ,$106.39 ,$101.17 
IBM,3/31/20,$107.37 ,6346676,$108.41 ,$110.16 ,$106.63 
IBM,3/30/20,$109.31 ,5564541,$104.62 ,$109.82 ,$104.35 
IBM,3/27/20,$104.56 ,6423038,$105.10 ,$107.92 ,$104.19 
IBM,3/26/20,$109.27 ,7158052,$103.48 ,$109.52 ,$102.18 
IBM,3/25/20,$102.45 ,8654047,$102.09 ,$108.87 ,$99.53 
IBM,3/24/20,$102.09 ,7973944,$96.78 ,$102.64 ,$96.07 
IBM,3/23/20,$91.73 ,9729393,$91.56 ,$94.60 ,$87.65 
IBM,3/20/20,$92.33 ,10546460,$97.68 ,$97.75 ,$91.67 
IBM,3/19/20,$97.12 ,8396521,$99.05 ,$100.36 ,$95.08 
IBM,3/18/20,$100.23 ,8772460,$96.22 ,$103.50 ,$96.21 
IBM,3/17/20,$103.23 ,9258338,$97.38 ,$103.95 ,$93.98 
IBM,3/16/20,$95.90 ,10567960,$94.85 ,$103.96 ,$91.95 
IBM,3/13/20,$104.49 ,12502110,$105.19 ,$105.66 ,$97.57 
IBM,3/12/20,$99.51 ,12512660,$106.13 ,$106.28 ,$99.00 
IBM,3/11/20,$114.18 ,8451038,$117.13 ,$118.65 ,$112.65 
IBM,3/10/20,$120.77 ,11410690,$118.84 ,$120.87 ,$112.04 
IBM,3/9/20,$114.03 ,10757490,$116.30 ,$118.48 ,$113.52 
IBM,3/6/20,$123.63 ,8193257,$122.63 ,$124.21 ,$120.52 
IBM,3/5/20,$125.39 ,5446227,$126.31 ,$128.04 ,$124.33 
IBM,3/4/20,$129.91 ,4996370,$127.36 ,$129.97 ,$124.86 
IBM,3/3/20,$124.76 ,7896068,$130.16 ,$131.73 ,$123.70 
IBM,3/2/20,$129.99 ,8531415,$126.55 ,$130.13 ,$123.84 
IBM,2/28/20,$125.97 ,13012230,$125.81 ,$126.88 ,$122.30 
IBM,2/27/20,$128.84 ,8421125,$132.84 ,$134.24 ,$128.74 
IBM,2/26/20,$135.27 ,5409537,$138.31 ,$139.44 ,$135.12 
IBM,2/25/20,$137.16 ,6211547,$141.81 ,$142.35 ,$136.73 
IBM,2/24/20,$141.73 ,5452408,$140.84 ,$143.30 ,$140.71 
IBM,2/21/20,$145.03 ,3537258,$146.19 ,$146.19 ,$144.06 
IBM,2/20/20,$146.37 ,2880709,$145.97 ,$146.75 ,$144.71 
IBM,2/19/20,$146.02 ,2733277,$146.68 ,$147.02 ,$145.49 
IBM,2/18/20,$146.25 ,3343514,$144.98 ,$146.52 ,$144.84 
IBM,2/14/20,$145.86 ,6099244,$149.46 ,$149.60 ,$144.96 
IBM,2/13/20,$149.36 ,3820697,$149.42 ,$149.86 ,$148.49 
IBM,2/12/20,$150.33 ,4438007,$148.82 ,$150.61 ,$148.59 
IBM,2/11/20,$148.55 ,3835112,$150.14 ,$150.24 ,$147.83 
IBM,2/10/20,$149.47 ,5239807,$148.06 ,$149.48 ,$146.72 
IBM,2/7/20,$148.49 ,6423429,$149.59 ,$150.55 ,$148.01 
IBM,2/6/20,$151.73 ,8400545,$151.79 ,$153.66 ,$150.43 
IBM,2/5/20,$151.31 ,14386820,$145.39 ,$152.39 ,$145.33 
IBM,2/4/20,$144.32 ,5620966,$143.04 ,$144.59 ,$142.17 
IBM,2/3/20,$141.58 ,8887502,$139.62 ,$142.55 ,$139.28 
IBM,1/31/20,$139.12 ,18994560,$138.31 ,$139.43 ,$136.27 
IBM,1/30/20,$132.38 ,5057906,$132.37 ,$132.57 ,$130.64 
IBM,1/29/20,$133.27 ,3054714,$134.70 ,$135.10 ,$133.18 
IBM,1/28/20,$135.07 ,3451557,$135.02 ,$135.96 ,$134.30 
IBM,1/27/20,$134.17 ,4166562,$134.06 ,$135.57 ,$133.67 
IBM,1/24/20,$136.05 ,5580189,$138.79 ,$139.30 ,$135.95 
IBM,1/23/20,$138.28 ,5657790,$139.57 ,$139.78 ,$137.59 
IBM,1/22/20,$139.27 ,16470430,$138.72 ,$141.11 ,$137.98 
IBM,1/21/20,$134.70 ,7244079,$133.39 ,$134.88 ,$133.18 
IBM,1/17/20,$133.87 ,5623336,$132.16 ,$133.89 ,$131.79 
IBM,1/16/20,$133.55 ,4320911,$132.91 ,$133.76 ,$132.61 
IBM,1/15/20,$132.24 ,4045952,$131.64 ,$133.62 ,$131.35 
IBM,1/14/20,$131.46 ,3683458,$131.91 ,$132.74 ,$131.20 
IBM,1/13/20,$132.22 ,3531572,$131.13 ,$132.25 ,$130.74 
IBM,1/10/20,$132.30 ,3255641,$132.60 ,$133.45 ,$131.94 
IBM,1/9/20,$132.35 ,3732830,$131.38 ,$132.40 ,$130.97 
IBM,1/8/20,$130.97 ,4346140,$130.19 ,$131.50 ,$129.62 
IBM,1/7/20,$129.88 ,3275968,$129.40 ,$130.63 ,$129.12 
IBM,1/6/20,$129.80 ,2426305,$129.14 ,$129.93 ,$128.93 
IBM,1/3/20,$130.03 ,2373676,$129.28 ,$130.53 ,$129.27 
IBM,1/2/20,$131.07 ,3148833,$130.67 ,$131.56 ,$130.44 
IBM,12/31/19,$129.74 ,3778012,$128.28 ,$129.82 ,$128.15 
IBM,12/30/19,$128.55 ,4118937,$130.86 ,$130.96 ,$128.25 
IBM,12/27/19,$130.93 ,2752706,$130.67 ,$131.39 ,$130.54 
IBM,12/26/19,$130.58 ,2130706,$130.65 ,$130.96 ,$130.33 
IBM,12/24/19,$130.65 ,1202087,$131.26 ,$131.27 ,$130.29 
IBM,12/23/19,$131.20 ,2803168,$131.42 ,$131.78 ,$130.67 
IBM,12/20/19,$131.24 ,7112072,$131.38 ,$132.04 ,$130.62 
IBM,12/19/19,$130.24 ,3866717,$130.14 ,$130.40 ,$129.88 
IBM,12/18/19,$130.10 ,3102353,$130.23 ,$130.67 ,$129.85 
IBM,12/17/19,$129.91 ,2907547,$129.97 ,$130.37 ,$129.18 
IBM,12/16/19,$129.83 ,3049325,$130.61 ,$131.10 ,$129.55 
IBM,12/13/19,$129.90 ,2534970,$130.43 ,$131.15 ,$129.71 
IBM,12/12/19,$130.98 ,4824186,$129.41 ,$131.31 ,$129.37 
IBM,12/11/19,$129.47 ,3953311,$129.81 ,$130.19 ,$129.38 
IBM,12/10/19,$129.61 ,3480385,$129.62 ,$130.51 ,$129.27 
IBM,12/9/19,$129.62 ,2978801,$129.07 ,$130.27 ,$128.98 
IBM,12/6/19,$128.94 ,3437994,$128.49 ,$129.59 ,$128.44 
IBM,12/5/19,$127.68 ,3598578,$128.72 ,$128.96 ,$127.40 
IBM,12/4/19,$127.75 ,3530773,$128.60 ,$129.39 ,$127.73 
IBM,12/3/19,$127.88 ,3711071,$127.76 ,$128.19 ,$126.49 
IBM,12/2/19,$128.64 ,3067831,$130.14 ,$130.18 ,$128.23 
IBM,11/29/19,$130.14 ,1825255,$129.31 ,$130.20 ,$128.76 
IBM,11/27/19,$129.48 ,3282827,$131.01 ,$131.35 ,$129.33 
IBM,11/26/19,$130.75 ,3793337,$131.78 ,$131.78 ,$130.44 
IBM,11/25/19,$131.61 ,2590170,$130.15 ,$131.64 ,$130.04 
IBM,11/22/19,$130.03 ,3297797,$129.88 ,$130.33 ,$129.30 
IBM,11/21/19,$129.54 ,3345343,$129.12 ,$129.86 ,$128.71 
IBM,11/20/19,$128.93 ,4140148,$129.76 ,$130.15 ,$128.49 
IBM,11/19/19,$130.20 ,2995071,$130.55 ,$131.04 ,$130.14 
IBM,11/18/19,$130.00 ,3210872,$129.99 ,$130.16 ,$128.95 
IBM,11/15/19,$130.09 ,3262656,$130.08 ,$130.78 ,$129.73 
IBM,11/14/19,$129.70 ,4231471,$129.83 ,$130.02 ,$129.05 
IBM,11/13/19,$130.16 ,3060924,$131.04 ,$131.23 ,$129.55 
IBM,11/12/19,$131.24 ,3046536,$131.51 ,$132.27 ,$130.69 
IBM,11/11/19,$131.12 ,2568755,$132.80 ,$132.80 ,$130.67 
IBM,11/8/19,$133.19 ,2278602,$133.16 ,$133.19 ,$131.79 
IBM,11/7/19,$133.27 ,4073908,$133.45 ,$134.67 ,$133.16 
IBM,11/6/19,$134.33 ,4477291,$133.57 ,$134.33 ,$133.14 
IBM,11/5/19,$133.46 ,3014961,$133.38 ,$134.31 ,$133.21 
IBM,11/4/19,$133.25 ,3335389,$131.87 ,$133.32 ,$131.86 
IBM,11/1/19,$131.18 ,3089789,$130.18 ,$131.21 ,$129.79 
IBM,10/31/19,$129.44 ,3412119,$130.77 ,$130.91 ,$128.95 
IBM,10/30/19,$130.91 ,2252989,$129.54 ,$130.94 ,$128.93 
IBM,10/29/19,$129.53 ,4160718,$131.07 ,$131.22 ,$129.16 
IBM,10/28/19,$131.61 ,3226132,$131.64 ,$132.25 ,$131.10 
IBM,10/25/19,$131.09 ,2579055,$129.82 ,$131.57 ,$129.80 
IBM,10/24/19,$129.77 ,2619309,$130.50 ,$130.74 ,$129.02 
IBM,10/23/19,$130.07 ,3627345,$129.23 ,$130.25 ,$128.44 
IBM,10/22/19,$129.66 ,4195803,$128.30 ,$129.75 ,$127.39 
IBM,10/21/19,$128.33 ,6372983,$128.35 ,$128.83 ,$126.70 
IBM,10/18/19,$129.79 ,7178379,$129.91 ,$130.17 ,$128.01 
IBM,10/17/19,$129.95 ,15830810,$130.67 ,$131.64 ,$128.64 
IBM,10/16/19,$137.55 ,5915705,$137.92 ,$138.36 ,$136.85 
IBM,10/15/19,$138.41 ,3046999,$137.97 ,$139.11 ,$137.26 
IBM,10/14/19,$137.48 ,2325609,$137.74 ,$137.86 ,$136.78 
IBM,10/11/19,$138.18 ,3018669,$138.19 ,$139.86 ,$138.03 
IBM,10/10/19,$136.60 ,2646693,$135.28 ,$137.23 ,$135.08 
IBM,10/9/19,$135.19 ,2633472,$135.28 ,$135.83 ,$134.34 
IBM,10/8/19,$133.94 ,3344083,$135.74 ,$135.97 ,$133.81 
IBM,10/7/19,$136.75 ,2488799,$137.69 ,$138.12 ,$136.69 
IBM,10/4/19,$138.40 ,2449483,$137.50 ,$138.47 ,$136.50 
IBM,10/3/19,$137.46 ,3161718,$137.08 ,$137.51 ,$134.71 
IBM,10/2/19,$137.14 ,3347276,$137.63 ,$137.70 ,$136.06 
IBM,10/1/19,$139.05 ,2973714,$140.92 ,$142.62 ,$138.93 
IBM,9/30/19,$140.75 ,4004429,$139.12 ,$141.87 ,$139.12 
IBM,9/27/19,$138.64 ,2357082,$139.78 ,$140.43 ,$137.81 
IBM,9/26/19,$138.94 ,2314542,$138.58 ,$139.26 ,$136.87 
IBM,9/25/19,$138.57 ,2546205,$137.19 ,$139.02 ,$136.34 
IBM,9/24/19,$137.13 ,3311171,$137.93 ,$138.30 ,$136.54 
IBM,9/23/19,$137.51 ,1850061,$136.66 ,$137.66 ,$136.05 